index,id,artist,asciiName,availability,borderColor,cardKingdomFoilId,cardKingdomId,colorIdentity,colorIndicator,colors,convertedManaCost,duelDeck,edhrecRank,faceConvertedManaCost,faceName,flavorName,flavorText,frameEffects,frameVersion,hand,hasAlternativeDeckLimit,hasContentWarning,hasFoil,hasNonFoil,isAlternative,isFullArt,isOnlineOnly,isOversized,isPromo,isReprint,isReserved,isStarter,isStorySpotlight,isTextless,isTimeshifted,keywords,layout,leadershipSkills,life,loyalty,manaCost,mcmId,mcmMetaId,mtgArenaId,mtgjsonV4Id,mtgoFoilId,mtgoId,multiverseId,name,number,originalReleaseDate,originalText,originalType,otherFaceIds,power,printings,promoTypes,purchaseUrls,rarity,scryfallId,scryfallIllustrationId,scryfallOracleId,setCode,side,subtypes,supertypes,tcgplayerProductId,text,toughness,type,types,uuid,variations,watermark
0,1,Pete Venters,,"mtgo,paper",black,,122719,W,,W,7,,16035,,,,,,2003,,0,0,0,1,0,0,0,0,0,1,0,0,0,0,0,First strike,normal,,,,{5}{W}{W},16165,156,,ad41be73-582f-58ed-abd4-a88c1f616ac3,27501,27500,130550,Ancestor's Chosen,1,,"First strike (This creature deals combat damage before creatures without first strike.)
When Ancestor's Chosen comes into play, you gain 1 life for each card in your graveyard.",Creature - Human Cleric,,4,"10E,JUD,UMA",,"{'cardKingdom': 'https://mtgjson.com/links/9fb51af0ad6f0736', 'cardmarket': 'https://mtgjson.com/links/ace8861194ee0b6a', 'tcgplayer': 'https://mtgjson.com/links/4843cea124a0d515'}",uncommon,7a5cd03c-4227-4551-aa4b-7d119f0468b5,be2f7173-c8b7-4172-a388-9b2c6b3c16e5,fc2ccab7-cab1-4463-b73d-898070136d74,10E,,"Human,Cleric",,15032,"First strike (This creature deals combat damage before creatures without first strike.)
When Ancestor's Chosen enters the battlefield, you gain 1 life for each card in your graveyard.",4,Creature — Human Cleric,Creature,5f8287b1-5bb6-5f4c-ad17-316a40d5bb0c,b7c19924-b4bf-56fc-aa73-f586e940bd42,
1,2,Volkan Baǵa,,"mtgo,paper",black,,122720,W,,W,5,,13650,,,,Every tear shed is a drop of immortality.,,2003,,0,0,0,1,0,0,0,0,0,1,0,0,0,0,0,Flying,normal,,,,{4}{W},16166,176,,9eb2e54c-a12b-5e88-a9c0-d8c84c52d59c,26993,26992,129465,Angel of Mercy,2,,"Flying (This creature can't be blocked except by creatures with flying or reach.)
When Angel of Mercy comes into play, you gain 3 life.",Creature - Angel,,3,"10E,8ED,9ED,DDC,DVD,IMA,INV,JMP,MB1,P02,PS11,PSAL,S99",,"{'cardKingdom': 'https://mtgjson.com/links/027095d094e58f5b', 'cardmarket': 'https://mtgjson.com/links/f6fb5098e1cd1b1e', 'tcgplayer': 'https://mtgjson.com/links/56c4b57293f350ef'}",uncommon,8f7980d4-da43-4d6d-ad16-14b8a34ae91d,e4d6c53f-e936-4be8-8b70-47c2be863b20,a2daaf32-dbfe-4618-892e-0da24f63a44a,10E,,Angel,,15033,"Flying
When Angel of Mercy enters the battlefield, you gain 3 life.",3,Creature — Angel,Creature,57aaebc1-850c-503d-9f6e-bb8d00d8bf7c,8fd4e2eb-3eb4-50ea-856b-ef638fa47f8a,
2,3,Justin Sweet,,"mtgo,paper",black,,122725,W,,W,4,,12164,,,,,,2003,,0,0,0,1,0,0,0,0,0,1,0,0,0,0,0,Flying,normal,,,,{3}{W},16171,368,,c0de6fd8-367a-50fb-b2f4-2b8fa5aeb7d9,27473,27472,129470,Aven Cloudchaser,7,,"Flying (This creature can't be blocked except by creatures with flying or reach.)
When Aven Cloudchaser comes into play, destroy target enchantment.",Creature - Bird Soldier,,2,"10E,8ED,9ED,ODY",,"{'cardKingdom': 'https://mtgjson.com/links/9246105d88032a9f', 'cardmarket': 'https://mtgjson.com/links/dcdfe48e6a8f9e1e', 'tcgplayer': 'https://mtgjson.com/links/3ce595aabe276f80'}",common,407110e9-19af-4ff5-97b2-c03225031a73,2eb663cd-020a-46d8-a6d9-bb63d4b5c848,48bda7dd-d023-41e8-8c28-e0cfda0d07ca,10E,,"Bird,Soldier",,15045,"Flying (This creature can't be blocked except by creatures with flying or reach.)
When Aven Cloudchaser enters the battlefield, destroy target enchantment.",2,Creature — Bird Soldier,Creature,8ac972b5-9f6e-5cc8-91c3-b9a40a98232e,6adaf14d-43e3-521a-adf1-960c808e5b1a,
3,4,Matthew D. Wilson,,"mtgo,paper",black,123094,122726,W,,W,4,,13627,,,,The perfect antidote for a tightly packed formation.,,2003,,0,0,1,1,0,0,0,0,0,1,0,0,0,0,0,,normal,,,,{3}{W},16172,423,,bfbb65b1-f1bb-5355-9495-fb094f9b0782,27327,27326,129477,Ballista Squad,8,,"{X}{W}, {T}: Ballista Squad deals X damage to target attacking or blocking creature.",Creature - Human Rebel,,2,"10E,9ED,MMQ",,"{'cardKingdom': 'https://mtgjson.com/links/d702da7661073a13', 'cardKingdomFoil': 'https://mtgjson.com/links/fbb773ed07f117ac', 'cardmarket': 'https://mtgjson.com/links/f04d4a0c97f986fe', 'tcgplayer': 'https://mtgjson.com/links/1e6874adc6cbd28f'}",uncommon,a4d17394-b9c4-43f6-9a6d-2c7c7ecb1d74,8464353d-099c-47ba-a0eb-e08b7b76b464,5973725c-6e1f-4d7e-bcef-3d867ea4c244,10E,,"Human,Rebel",,15048,"{X}{W}, {T}: Ballista Squad deals X damage to target attacking or blocking creature.",2,Creature — Human Rebel,Creature,a69b404f-144a-5317-b10e-7d9dce135b24,,
4,5,Rebecca Guay,,"mtgo,paper",black,123095,122727,W,,W,1,,4415,,,,"Life is measured in inches. To a healer, every one of those inches is precious.",,2003,,0,0,1,1,0,0,0,0,0,1,0,0,0,0,0,,normal,,,,{W},16173,432,,a634f6df-fd74-54d9-a56c-3fdd2ad3e9bf,27095,27094,132106,Bandage,9,,"Prevent the next 1 damage that would be dealt to target creature or player this turn.
Draw a card.",Instant,,,"10E,STH,TPR",,"{'cardKingdom': 'https://mtgjson.com/links/a072a876146b29bc', 'cardKingdomFoil': 'https://mtgjson.com/links/30995197ba8fc8c1', 'cardmarket': 'https://mtgjson.com/links/35a66170a09a59c7', 'tcgplayer': 'https://mtgjson.com/links/d091fd8b400df945'}",common,c9c17e3b-4d7f-4472-afe1-8e9358b82f2c,af3d1d9e-8a04-4ba5-aa96-9ea678daaa2b,c664df64-0103-462b-a0f8-c483b152974a,10E,,,,15049,"Prevent the next 1 damage that would be dealt to any target this turn.
Draw a card.",,Instant,Instant,6d268c95-c176-5766-9a46-c14f739aba1c,,
5,6,Rob Alexander,,"mtgo,paper",black,123096,122728,W,,W,6,,2873,,,,The cave floods with light. A thousand rays shine forth and meld into one.,,2003,,0,0,1,1,0,0,0,0,0,1,0,0,0,0,0,,normal,,,,{5}{W},16174,499,,43f8222f-3fd5-5491-9e76-5b1cc9a86e93,27622,27621,130553,Beacon of Immortality,10,,Double target player's life total. Shuffle Beacon of Immortality into its owner's library.,Instant,,,"10E,5DN,E02,MB1",,"{'cardKingdom': 'https://mtgjson.com/links/641aecf0d3150e1f', 'cardKingdomFoil': 'https://mtgjson.com/links/8aaf9f7f17f79315', 'cardmarket': 'https://mtgjson.com/links/8919bf4f1f651197', 'tcgplayer': 'https://mtgjson.com/links/04830bb89a273674'}",rare,f0b9b5da-d3fa-4d70-a71a-a2342dbfd527,e314cc4f-55dc-48c5-abb3-2aa78e940020,bfcdf563-c6e5-4a54-bb63-4aba219b94e2,10E,,,,15052,Double target player's life total. Shuffle Beacon of Immortality into its owner's library.,,Instant,Instant,56f4935b-f6c5-59b9-88bf-9bcce20247ce,,
6,7,Zoltan Boros & Gabor Szikszai,,"mtgo,paper",black,,122729,W,,W,3,,13894,,,,"""We called them 'armored lightning.'""
—Gerrard of the *Weatherlight*",,2003,,0,0,0,1,0,0,0,0,0,1,0,0,0,0,0,"First strike,Flash",normal,,,,{2}{W},16175,520,,1c5f900e-982d-5c65-89fd-46dd4db76716,27217,27216,136279,Benalish Knight,11,,"Flash (You may play this spell any time you could play an instant.)
First strike (This creature deals combat damage before creatures without first strike.)",Creature - Human Knight,,2,"10E,ATH,WTH",,"{'cardKingdom': 'https://mtgjson.com/links/d9c713a9894e9d63', 'cardmarket': 'https://mtgjson.com/links/654c1a3a20333a30', 'tcgplayer': 'https://mtgjson.com/links/2fbe5cd35119ca23'}",common,d0ae60d0-20d3-452c-9953-e229567c06f5,52e78c38-9de7-465b-9ef6-db8b4c857409,32b401e9-163f-4917-a728-fc63b25ef602,10E,,"Human,Knight",,15054,"Flash (You may cast this spell any time you could cast an instant.)
First strike (This creature deals combat damage before creatures without first strike.)",2,Creature — Human Knight,Creature,62365fbb-af07-5c2a-976d-e3092bdfc317,0d2a4e1d-cc12-5675-8044-9a7bc7d60050,
7,8,Zoltan Boros & Gabor Szikszai,,"mtgo,paper",black,123097,,W,,W,3,,13894,,,,"""We called them 'armored lightning.'""
—Gerrard of the *Weatherlight*",,2003,,0,0,1,0,1,0,0,0,0,1,0,0,0,0,0,"First strike,Flash",normal,,,,{2}{W},16175,520,,50eac642-2fda-5f35-a5fc-6f6e10c3ee85,,,,Benalish Knight,11★,,,,,2,"10E,ATH,WTH",,"{'cardKingdomFoil': 'https://mtgjson.com/links/f1e4d8ed22a75d81', 'cardmarket': 'https://mtgjson.com/links/e29a1f7888edb9c9', 'tcgplayer': 'https://mtgjson.com/links/2f94fec978473fbf'}",common,bccebfdd-85cb-4549-93a4-c0dcd667ee04,52e78c38-9de7-465b-9ef6-db8b4c857409,32b401e9-163f-4917-a728-fc63b25ef602,10E,,"Human,Knight",,15054,"Flash (You may cast this spell any time you could cast an instant.)
First strike (This creature deals combat damage before creatures without first strike.)",2,Creature — Human Knight,Creature,0d2a4e1d-cc12-5675-8044-9a7bc7d60050,62365fbb-af07-5c2a-976d-e3092bdfc317,
8,9,Steven Belledin,,"mtgo,paper",black,123098,122730,W,,W,4,,10625,,,,"""Mercadia's masks can no longer hide the truth. Our day has come at last.""",,2003,,0,0,1,1,0,0,0,0,0,1,0,0,0,0,0,,normal,"{'brawl': False, 'commander': True, 'oathbreaker': False}",,,{2}{W}{W},16176,971,,8f6bfe34-f704-5ac8-a025-921a0276bb54,27187,27186,130554,"Cho-Manno, Revolutionary",12,,"Prevent all damage that would be dealt to Cho-Manno, Revolutionary.",Legendary Creature - Human Rebel,,2,"10E,MMQ,PS11",,"{'cardKingdom': 'https://mtgjson.com/links/8b23ca3e6a53519c', 'cardKingdomFoil': 'https://mtgjson.com/links/5fa521ab3f994840', 'cardmarket': 'https://mtgjson.com/links/b1acf2fb171a5d2e', 'tcgplayer': 'https://mtgjson.com/links/be0135925ca66ebf'}",rare,fe04dfe7-6376-4c12-9404-0e1ae0942917,443c01cf-c337-4b68-9a0a-cd39a3e103f5,91af5e35-b3b8-43ce-b1ea-997ed74e4ad2,10E,,"Human,Rebel",Legendary,15070,"Prevent all damage that would be dealt to Cho-Manno, Revolutionary.",2,Legendary Creature — Human Rebel,Creature,81daea6a-2735-5a46-a2da-b65a2ad5738f,,
9,10,Daren Bader,,"mtgo,paper",black,123099,122731,W,,W,1,,2046,,,,"""No doubt the arbiters would put you away, after all the documents are signed. But I will have justice now!""
—Alovnek, Boros guildmage",,2003,,0,0,1,1,0,0,0,0,0,1,0,0,0,0,0,,normal,,,,{W},16177,7562,,42b053db-3d18-5e1a-b4c8-c39233ad9afe,27740,27739,130528,Condemn,13,,Put target attacking creature on the bottom of its owner's library. Its controller gains life equal to its toughness.,Instant,,,"10E,C14,C17,CMR,DDL,DIS,M11,P07,PRM,PS11,TD0,TD2,ZNC",,"{'cardKingdom': 'https://mtgjson.com/links/d17930d5637c1e89', 'cardKingdomFoil': 'https://mtgjson.com/links/7e0b1c1e656fc86d', 'cardmarket': 'https://mtgjson.com/links/af7c4f7223ac32ec', 'tcgplayer': 'https://mtgjson.com/links/7f98bb25bbd3aba2'}",uncommon,ea9edff0-58a8-405d-9f2e-39f8269bbcb2,57c58043-4790-4852-82e3-09efb42d7803,377d31b5-0a48-4d5b-91bd-b5a62d4f7899,10E,,,,15081,Put target attacking creature on the bottom of its owner's library. Its controller gains life equal to its toughness.,,Instant,Instant,7fef665c-36a1-5f7a-9299-cf8938708710,,
10,11,Thomas M. Baxa,,"mtgo,paper",black,123218,,B,,B,2,,14769,,,,"""My favorite curses are those that manifest slowly, blackening the soul in ways the victim cannot hope to understand.""
—Erissa, bog witch",,2003,,0,0,1,0,1,0,0,0,0,1,0,0,0,0,0,Enchant,normal,,,,{1}{B},16296,1117,,e0d8ae7a-f932-5b4b-b262-74ed78de4a7c,,,,Contaminated Bond,132★,,,,,,"10E,9ED,MRD",,"{'cardKingdomFoil': 'https://mtgjson.com/links/790c3ec44c289f6b', 'cardmarket': 'https://mtgjson.com/links/d5c8d5fccbe0e6ec', 'tcgplayer': 'https://mtgjson.com/links/75879469351a1bc9'}",common,67f5ba76-b6dd-46cb-8b5f-415da19986e0,455626bc-4c8c-4257-a12e-21ac7207e1fe,56aeaee8-e014-485e-b7ad-e26ade663bcf,10E,,Aura,,15084,"Enchant creature (Target a creature as you cast this. This card enters the battlefield attached to that creature.)
Whenever enchanted creature attacks or blocks, its controller loses 3 life.",,Enchantment — Aura,Enchantment,9c0311e8-03c1-527d-9d90-6fa2dba2aae9,2562f5f1-4de2-5834-a9ff-99092380d910,
11,12,Jim Nelson,,"mtgo,paper",black,123225,,B,,B,2,,12079,,,,"""The dead make good soldiers. They can't disobey orders, never surrender, and don't stop fighting when a random body part falls off.""
—Nevinyrral,
*Necromancer's Handbook*",,2003,,0,0,1,0,1,0,0,0,0,1,0,0,0,0,0,,normal,,,,{1}{B},16303,1631,,b9f5ce14-f268-5eb2-840c-461b5455b99e,,,,Drudge Skeletons,139★,,,,,1,"10E,2ED,3ED,4BB,4ED,5ED,6ED,7ED,8ED,9ED,CED,CEI,DDD,DPA,FBB,GVL,LEA,LEB,M10,PS11,SUM",,"{'cardKingdomFoil': 'https://mtgjson.com/links/c8a8bf838995f771', 'cardmarket': 'https://mtgjson.com/links/675cd859cd4c229e', 'tcgplayer': 'https://mtgjson.com/links/e9a3b897e9ca4811'}",uncommon,d9038925-7acf-42b7-abec-c8eec9f591b6,3e2ce229-eced-4197-9642-9f0c4f83bbc3,c180ed02-07f4-4538-9bea-8c249234a8e2,10E,,Skeleton,,15108,"{B}: Regenerate Drudge Skeletons. (The next time this creature would be destroyed this turn, it isn't. Instead tap it, remove all damage from it, and remove it from combat.)",1,Creature — Skeleton,Creature,d9902515-6292-5a4a-9bde-a7616ad5f0bc,2d080e75-7e1b-5f75-9c8f-18d02a4710dd,
12,13,Christopher Rush,,"mtgo,paper",black,123100,122732,W,,W,1,,9362,,,,"""Illusion is a crutch for those with no grounding in reality.""
—Cho-Manno",,2003,,0,0,1,1,0,0,0,0,0,1,0,0,0,0,0,,normal,,,,{W},16178,1439,,60d5ea8d-6c6c-5ed8-8b53-6d0c91e9f4c8,27507,27506,129524,Demystify,14,,Destroy target enchantment.,Instant,,,"10E,8ED,9ED,M12,ONS,ROE,XLN",,"{'cardKingdom': 'https://mtgjson.com/links/81546f8c1e0ce797', 'cardKingdomFoil': 'https://mtgjson.com/links/74124ec5b0fea589', 'cardmarket': 'https://mtgjson.com/links/d00c59f67e0679a2', 'tcgplayer': 'https://mtgjson.com/links/b9cdae2189de3793'}",common,6197c672-dfa1-4d1e-97ea-af916864d23c,d608ba52-66cc-42ab-bee9-d46dfec2f754,fd591199-9f7a-4147-a150-13279dbb4498,10E,,,,15097,Destroy target enchantment.,,Instant,Instant,2f9c211e-1869-5b3f-94ea-f73b7910a5af,,
13,14,Adam Rex,,"mtgo,paper",black,123228,,B,,B,2,,10492,,,,"""Even the bravest of warriors yet knows the dark clutch of fright upon his stalwart heart.""
—Lim-Dûl the Necromancer",,2003,,0,0,1,0,1,0,0,0,0,1,0,0,0,0,0,Enchant,normal,,,,{B}{B},16306,1979,,f3805ee8-ab58-5746-aed4-0bd25f1633b8,,,,Fear,142★,,,,,,"10E,2ED,3ED,4BB,4ED,5ED,6ED,7ED,8ED,9ED,CED,CEI,FBB,ICE,LEA,LEB,SUM",,"{'cardKingdomFoil': 'https://mtgjson.com/links/11caf8c877c6814f', 'cardmarket': 'https://mtgjson.com/links/982f8bcc343ae3a7', 'tcgplayer': 'https://mtgjson.com/links/991c84975096c04b'}",common,5da4136b-ad5b-4234-a476-90e1dcae00c6,2c079c5c-4f68-4a66-93ac-aabbf1ac4056,355bbe9b-59bf-470f-8600-410af4c7fe18,10E,,Aura,,15120,"Enchant creature (Target a creature as you cast this. This card enters the battlefield attached to that creature.)
Enchanted creature has fear. (It can't be blocked except by artifact creatures and/or black creatures.)",,Enchantment — Aura,Enchantment,f49300ef-efa0-5b82-ace3-f2f06795fbd5,b159e707-915c-5940-bd70-7f0416cc8def,
14,15,Stephen Tappin,,"mtgo,paper",black,,122733,W,,W,3,,7890,,,,He is the only one who sees the patterns in the overlapping maps and conflicting reports.,,2003,,0,0,0,1,0,0,0,0,0,1,0,0,0,0,0,,normal,,,,{1}{W}{W},16179,8191,,f80fd1e6-0ac6-5db3-bac6-efd541cb9ec7,27752,27751,135258,Field Marshal,15,,Other Soldier creatures get +1/+1 and have first strike. (They deal combat damage before creatures without first strike.),Creature - Human Soldier,,2,"10E,CSP",,"{'cardKingdom': 'https://mtgjson.com/links/71782330a610acaa', 'cardmarket': 'https://mtgjson.com/links/269b1fb454ae7d53', 'tcgplayer': 'https://mtgjson.com/links/e88bd7336e647e0a'}",rare,1e22d287-274e-4222-9ed7-3e609a84ac07,9d77dc26-2898-46f4-9984-c8100320c433,1c0a53fc-8037-46e3-90ea-cb8b73631a83,10E,,"Human,Soldier",,15123,Other Soldier creatures get +1/+1 and have first strike. (They deal combat damage before creatures without first strike.),2,Creature — Human Soldier,Creature,668c64a2-cecb-5f48-af16-d7a64814d3e7,6d6a31d5-a80b-5f31-9b46-2c2083a95581,
15,16,Greg Staples,,"mtgo,paper",black,123237,,B,,B,3,,4617,,,,Its victims are known by their eyes: shattered vessels leaking broken dreams.,,2003,,0,0,1,0,1,0,0,0,0,1,0,0,0,0,0,Flying,normal,,,,{1}{B}{B},16315,2784,,654077d3-ec17-5a82-b7b2-37aadcb09dce,,,,Hypnotic Specter,151★,,,,,2,"10E,2ED,3ED,4BB,4ED,9ED,ATH,CED,CEI,FBB,HA1,LEA,LEB,M10,MB1,P06,PRM,PTC,SUM",,"{'cardKingdomFoil': 'https://mtgjson.com/links/3e9bba9e8ffa4e44', 'cardmarket': 'https://mtgjson.com/links/b3bbc7ad44eb72a2', 'tcgplayer': 'https://mtgjson.com/links/2f053106a7f9bc14'}",rare,2110f97e-d9a2-4575-be70-8b13dc85d418,91b6d088-e235-4a3c-98f5-9a39389f8be0,759af941-f6a3-4726-91f2-9b1e4e55ea71,10E,,Specter,,15171,"Flying
Whenever Hypnotic Specter deals damage to an opponent, that player discards a card at random.",2,Creature — Specter,Creature,f39b4446-0ca6-5446-8507-4b1ba37bb3e7,c620a95f-984f-5234-b8f3-a2e359972e85,
16,17,Ittoku,,"mtgo,paper",black,123102,122734,W,,W,2,,19311,,,,"""I thought of fate as an iron lattice, intricate but rigidly unchangeable. That was until some force bent fate's bars to spare my life.""
—Ilromov, traveling storyteller",,2003,,0,0,1,1,0,0,0,0,0,1,0,0,0,0,0,,normal,,,,{1}{W},16180,7755,,e74a0b1f-7e31-5482-bcbb-5de87838d659,27738,27737,132105,Ghost Warden,16,,{T}: Target creature gets +1/+1 until end of turn.,Creature - Spirit,,1,"10E,GPT",,"{'cardKingdom': 'https://mtgjson.com/links/20eeb164fe9b8a10', 'cardKingdomFoil': 'https://mtgjson.com/links/988ba0cb483d4211', 'cardmarket': 'https://mtgjson.com/links/b442008c3c720e38', 'tcgplayer': 'https://mtgjson.com/links/0454a19dc68d3c10'}",common,2cd81534-79cb-4fde-bfa5-11c510ac6e11,96ac670c-de65-43af-a257-4a9f5b242e63,66bd5999-742a-43e0-827c-ecb8ec7db242,10E,,Spirit,,15141,{T}: Target creature gets +1/+1 until end of turn.,1,Creature — Spirit,Creature,d68306e2-9877-5987-84b3-12b8234c8eec,,
17,18,Kev Walker,,"mtgo,paper",black,123103,122735,W,,W,3,,3389,,,,"Once heard, the battle song of an angel becomes part of the listener forever.",,2003,,0,0,1,1,0,0,0,0,0,1,0,0,0,0,0,,normal,,,,{1}{W}{W},16181,2361,,3512bcb5-7103-5605-88ed-b89e3171cc2b,27289,27288,129572,Glorious Anthem,17,,Creatures you control get +1/+1.,Enchantment,,,"10E,7ED,8ED,9ED,M21,PJAS,PJJT,PJSE,PM21,PRM,PS11,PSUS,USG",,"{'cardKingdom': 'https://mtgjson.com/links/b2be19d1b97c001f', 'cardKingdomFoil': 'https://mtgjson.com/links/15c47c361fb90f65', 'cardmarket': 'https://mtgjson.com/links/247dd3288842f727', 'tcgplayer': 'https://mtgjson.com/links/a1682f95aafef1a2'}",rare,2efbc588-019e-416a-938c-4ccbe7121335,1b1a6269-0822-4f73-b61f-ef580839e425,e3886fe8-9b76-4613-8891-4ec74657c087,10E,,,,15144,Creatures you control get +1/+1.,,Enchantment,Enchantment,546eac7c-1424-597d-ac13-bf8558e88fe3,,
18,19,Anthony S. Waters,,"mtgo,paper",black,123104,122736,W,,W,1,,16680,,,,"""Do not let a single shaft loose until my word. And when I give that word, do not leave a single shaft in Eiganjo.""
—General Takeno",,2003,,0,0,1,1,0,0,0,0,0,1,0,0,0,0,0,,normal,,,,{X}{W},16182,7266,,aff69ea2-98dc-5567-86ea-616b3d97fbf1,27666,27665,132107,Hail of Arrows,18,,Hail of Arrows deals X damage divided as you choose among any number of target attacking creatures.,Instant,,,"10E,CN2,SOK",,"{'cardKingdom': 'https://mtgjson.com/links/868c6df7a48bba43', 'cardKingdomFoil': 'https://mtgjson.com/links/40b24847b091ccca', 'cardmarket': 'https://mtgjson.com/links/9a872231aefbeb1f', 'tcgplayer': 'https://mtgjson.com/links/6de9c56b75114fea'}",uncommon,5a49daec-5f0f-497b-a88e-fa62bf48ca23,c20ae19e-db9a-4217-bbe4-04e7d44c65a9,37429f88-e29b-4b1b-90fd-23a04d703c0a,10E,,,,15155,Hail of Arrows deals X damage divided as you choose among any number of target attacking creatures.,,Instant,Instant,c19bcfc2-fc10-5040-8239-1c193098df47,,
19,20,Luca Zontini,,"mtgo,paper",black,,122737,W,,W,3,,16840,,,,,,2003,,0,0,0,1,0,0,0,0,0,1,0,0,0,0,0,Enchant,normal,,,,{2}{W},16183,7421,,20468a65-9ffa-5d19-94a8-91d5aa3fa445,27662,27661,132090,Heart of Light,19,,"Enchant creature (Target a creature as you play this. This card comes into play attached to that creature.)
Prevent all damage that would be dealt to and dealt by enchanted creature.",Enchantment - Aura,,,"10E,BOK",,"{'cardKingdom': 'https://mtgjson.com/links/c2242e3062629e2e', 'cardmarket': 'https://mtgjson.com/links/ab9c29914fe2f09d', 'tcgplayer': 'https://mtgjson.com/links/c3580cefc8556adc'}",common,45aa4b29-ce6b-4579-bee6-06a9ccfda55c,4a0ca00f-0ea8-4f2b-b660-bf498541afcb,634d0256-849d-4ef7-b070-b6b8f3242e00,10E,,Aura,,15158,"Enchant creature (Target a creature as you cast this. This card enters the battlefield attached to that creature.)
Prevent all damage that would be dealt to and dealt by enchanted creature.",,Enchantment — Aura,Enchantment,36fcaa1e-64e3-56e3-950c-907db167e41f,08548840-8e62-5fed-b432-f2a5a0cb5f4e,
20,21,rk post,,"mtgo,paper",black,123106,122738,W,,W,1,,12975,,,,"In war, as in society, position is everything.",,2003,,0,0,1,1,0,0,0,0,0,1,0,0,0,0,0,,normal,,,,{W},16184,2690,,dd5518e9-f47e-5e9b-af98-d08d6bb4a13b,27243,27242,132145,High Ground,20,,Each creature you control can block an additional creature.,Enchantment,,,"10E,EXO",,"{'cardKingdom': 'https://mtgjson.com/links/26c254a9ce7eaf74', 'cardKingdomFoil': 'https://mtgjson.com/links/d8765c5b50d1a26e', 'cardmarket': 'https://mtgjson.com/links/5c0a0f903b78e816', 'tcgplayer': 'https://mtgjson.com/links/48539170282b98b8'}",uncommon,b79b3153-8874-458d-8e7e-cf97c6c1887c,c3998375-78f7-4e56-bfcd-af3fbec94bbe,b59053d5-b5f2-44aa-a29c-7f3908d86577,10E,,,,15160,Each creature you control can block an additional creature each combat.,,Enchantment,Enchantment,60f49caf-3583-5f85-b4b3-08dca73a8628,,
21,22,Dan Dos Santos,,"mtgo,paper",black,123109,122741,W,,W,1,,20322,,,,The strength of one. The courage of ten.,,2003,,0,0,1,1,0,0,0,0,0,1,0,0,0,0,0,,normal,,,,{W},16187,2717,,6ab172f1-9688-5edd-86c6-3bf2e69e14b7,26995,26994,129595,Honor Guard,23,,{W}: Honor Guard gets +0/+1 until end of turn.,Creature - Human Soldier,,1,"10E,7ED,8ED,9ED,STH",,"{'cardKingdom': 'https://mtgjson.com/links/1bbf258d5d94f66e', 'cardKingdomFoil': 'https://mtgjson.com/links/a0d8414719600592', 'cardmarket': 'https://mtgjson.com/links/a679e5ad1a1c1099', 'tcgplayer': 'https://mtgjson.com/links/0f8a2caea0d2a69e'}",common,9c8a5add-87af-447d-9fd7-c4aeec3685fb,a8748d0f-0c8e-490b-b4e5-c9d3a8b905be,4ba82d8e-1857-40a9-8b42-5d8348c68859,10E,,"Human,Soldier",,15165,{W}: Honor Guard gets +0/+1 until end of turn.,1,Creature — Human Soldier,Creature,9bee1901-1125-5635-9e22-3b4f37989c37,,
22,23,Stephen Tappin,,"mtgo,paper",black,123110,122742,W,,W,1,,20327,,,,"Grelden knelt and felt the cool, dry hand of the priest on his brow. Hours later, when his wits returned, he was covered in his enemies' blood on the field of victory.",,2003,,0,0,1,1,0,0,0,0,0,1,0,0,0,0,0,,normal,,,,{W},16188,2793,,a22a8e1d-0b61-5139-b464-4e6b01114baa,26999,26998,132123,Icatian Priest,24,,{1}{W}{W}: Target creature gets +1/+1 until end of turn.,Creature - Human Cleric,,1,"10E,DDC,DVD,FEM",,"{'cardKingdom': 'https://mtgjson.com/links/3b6b2edb33cac090', 'cardKingdomFoil': 'https://mtgjson.com/links/3ba1eb7eb6f54e4a', 'cardmarket': 'https://mtgjson.com/links/e09bda3d118e0235', 'tcgplayer': 'https://mtgjson.com/links/ea25fd98aaa01b1a'}",uncommon,71f8c040-b6da-42f4-9140-7cd5eceb51c7,f8348e16-e638-42b4-a917-157019fbb8ee,3a9d29ce-e8e2-402f-b0c2-873f70418234,10E,,"Human,Cleric",,15172,{1}{W}{W}: Target creature gets +1/+1 until end of turn.,1,Creature — Human Cleric,Creature,cb865391-5b14-58ce-aa99-b36b83e6377f,,
23,24,D. Alexander Gregory,,"mtgo,paper",black,123120,122752,W,,W,3,,13441,,,,Samite healers never mix their pungent elixir with sweetener or tea. The threat of a second dose is enough to get most warriors back on their feet.,,2003,,0,0,1,1,0,0,0,0,0,1,0,0,0,0,0,,normal,,,,{2}{W},16198,4681,,acf305cb-7044-59dd-8ab0-a8a7c147909a,27351,27350,132089,Reviving Dose,34,,"You gain 3 life.
Draw a card.",Instant,,,"10E,CN2,INV,MB1",,"{'cardKingdom': 'https://mtgjson.com/links/dedf83ee563f238d', 'cardKingdomFoil': 'https://mtgjson.com/links/a0b7b97146406a5b', 'cardmarket': 'https://mtgjson.com/links/44e2bd93fbba432a', 'tcgplayer': 'https://mtgjson.com/links/2b59764bd477fdb3'}",common,15b3dd79-ac4c-4ffc-9442-1efa0082f60f,a2f92d90-485f-428e-8ce5-1acc4479ac33,ad470afc-d1a5-4e64-8192-fb6308ed9bfe,10E,,,,15278,"You gain 3 life.
Draw a card.",,Instant,Instant,39b50224-8305-56dd-9849-09deecb07d20,,
24,25,Matthew D. Wilson,,"mtgo,paper",black,,122753,W,,W,9,,2073,,,,"""You have not died until I consent.""",,2003,,0,0,0,1,0,0,0,0,0,1,0,0,0,0,0,Flying,normal,"{'brawl': False, 'commander': True, 'oathbreaker': False}",,,{6}{W}{W}{W},16199,4686,,d8e69220-25d2-5845-853e-a17c83d93e5e,27107,27106,106384,Reya Dawnbringer,35,,"Flying (This creature can't be blocked except by creatures with flying or reach.)
At the beginning of your upkeep, you may return target creature card from your graveyard to play.",Legendary Creature - Angel,,4,"10E,CNS,DDC,DVD,INV,P10E,PRM,PZ1,UMA",,"{'cardKingdom': 'https://mtgjson.com/links/b05c8d9ad691ab88', 'cardmarket': 'https://mtgjson.com/links/42fec2210d953796', 'tcgplayer': 'https://mtgjson.com/links/a52970811426bc8e'}",rare,4b81ef83-41c2-46dc-aff9-41bb3a32637a,d95b0a47-3742-46ed-a761-ed8a81ab3007,08d1a5d1-141d-48e3-ac22-c2529191cb13,10E,,Angel,Legendary,15279,"Flying
At the beginning of your upkeep, you may return target creature card from your graveyard to the battlefield.",6,Legendary Creature — Angel,Creature,6028cab2-0478-584b-a880-8174a88eb188,341f9c8d-a838-58f9-933b-094c8d889a88,
25,26,Wayne England,,"mtgo,paper",black,123122,122754,W,,W,1,,9489,,,,Sometimes the greatest strength is the strength of conviction.,,2003,,0,0,1,1,0,0,0,0,0,1,0,0,0,0,0,,normal,,,,{W},16200,4711,,65b29701-814c-56f6-8832-461ca94f0176,27185,27184,130552,Righteousness,36,,Target blocking creature gets +7/+7 until end of turn.,Instant,,,"10E,2ED,3ED,4BB,4ED,5ED,9ED,CED,CEI,DDL,ELD,FBB,LEA,LEB,M10,SUM",,"{'cardKingdom': 'https://mtgjson.com/links/2a40307b3b5b449a', 'cardKingdomFoil': 'https://mtgjson.com/links/27f686be1b473504', 'cardmarket': 'https://mtgjson.com/links/81911a396c38018a', 'tcgplayer': 'https://mtgjson.com/links/b75a138039b7eed2'}",rare,bda6c9d5-113f-44f1-bfaf-c40001ba9f60,a6d52517-5ba3-418e-807e-1748d27a5220,3f6b2f76-0364-415e-a6a2-e9e5bf31b745,10E,,,,15281,Target blocking creature gets +7/+7 until end of turn.,,Instant,Instant,9a14261a-b567-5429-a5ca-a913e15d8bf7,,
26,27,Anson Maddocks,,"mtgo,paper",black,123124,122756,W,,W,2,,18253,,,,Healers ultimately acquire the divine gifts of spiritual and physical wholeness. The most devout are also granted the ability to pass physical wholeness on to others.,,2003,,0,0,1,1,0,0,0,0,0,1,0,0,0,0,0,,normal,,,,{1}{W},16202,4880,,8c1f4545-5e15-53c8-89ee-1b8ac31f89f9,27425,27424,132101,Samite Healer,38,,{T}: Prevent the next 1 damage that would be dealt to target creature or player this turn.,Creature - Human Cleric,,1,"10E,2ED,3ED,4BB,4ED,5ED,6ED,7ED,8ED,9ED,ATH,CED,CEI,FBB,LEA,LEB,SUM",,"{'cardKingdom': 'https://mtgjson.com/links/2782064e8ce8d55c', 'cardKingdomFoil': 'https://mtgjson.com/links/4898a5508fe06564', 'cardmarket': 'https://mtgjson.com/links/8eb1a21dc1f8f979', 'tcgplayer': 'https://mtgjson.com/links/8443ec550028844b'}",common,621f9a58-0bc8-40dd-aef1-43618274d6fe,77807ac5-5d3d-4101-96e7-9fe087f8a975,95a0ca48-d924-47f4-86ed-42c673ee778c,10E,,"Human,Cleric",,15293,{T}: Prevent the next 1 damage that would be dealt to any target this turn.,1,Creature — Human Cleric,Creature,a2be2e9b-5211-53e6-ac6a-abd65dbcac1d,,
27,28,Zoltan Boros & Gabor Szikszai,,"mtgo,paper",black,,122758,W,,W,4,,11171,,,,,,2003,,0,0,0,1,0,0,0,0,0,1,0,0,0,0,0,Enchant,normal,,,,{2}{W}{W},16204,5074,,fb054632-e147-5ade-bfc1-bd00d377fc26,26997,26996,135214,Serra's Embrace,40,,"Enchant creature (Target a creature as you play this. This card comes into play attached to that creature.)
Enchanted creature gets +2/+2 and has flying and vigilance. (It can't be blocked except by creatures with flying or reach, and attacking doesn't cause it to tap.)",Enchantment - Aura,,,"10E,7ED,DDC,DVD,MB1,PS11,USG",,"{'cardKingdom': 'https://mtgjson.com/links/906d43d78355b65f', 'cardmarket': 'https://mtgjson.com/links/3a5925560bb656fb', 'tcgplayer': 'https://mtgjson.com/links/c7e867435b703fac'}",uncommon,2ba6c4f3-59cf-4eb8-97fb-c9138005e19c,6d748ebc-876a-40c0-9031-0e731d9479ae,6d6ba936-4a15-4c40-aaa6-71605fb732d1,10E,,Aura,,15304,"Enchant creature
Enchanted creature gets +2/+2 and has flying and vigilance.",,Enchantment — Aura,Enchantment,fe9187fa-cd14-5618-9a62-bcf18b523d84,dc219ada-64b4-5846-9840-e49986109aa9,
28,29,Stephen Daniele,,"mtgo,paper",black,123149,122781,U,,U,3,,13341,,,,They brandish their latest theories as warriors would wield weapons.,,2003,,0,0,1,1,0,0,0,0,0,1,0,0,0,0,0,,normal,,,,{1}{U}{U},16227,26,,047d5499-a21c-5f5c-9679-1599fcaf9815,27275,27274,132072,Academy Researchers,63,,"When Academy Researchers comes into play, you may put an Aura card from your hand into play attached to Academy Researchers.",Creature - Human Wizard,,2,"10E,USG",,"{'cardKingdom': 'https://mtgjson.com/links/b6590d0b0bee2a8d', 'cardKingdomFoil': 'https://mtgjson.com/links/6e2b285d06dac1f7', 'cardmarket': 'https://mtgjson.com/links/65ad62c279f3ce19', 'tcgplayer': 'https://mtgjson.com/links/b01e822653175b0b'}",uncommon,b62ca800-ec24-476e-b56f-834eef9622a9,cf5efc65-9aa2-466b-bd2b-448ad69ab474,df2d2c52-475b-4057-9cf8-7886700f0fae,10E,,"Human,Wizard",,15024,"When Academy Researchers enters the battlefield, you may put an Aura card from your hand onto the battlefield attached to Academy Researchers.",2,Creature — Human Wizard,Creature,b8a68840-4044-52c0-a14e-0a1c630ba42c,,
29,30,Kev Walker,,"mtgo,paper",black,,122782,U,,U,5,,12200,,,,"""The East Wind, an interloper in the dominions of Westerly Weather, is an impassive-faced tyrant with a sharp poniard held behind his back for a treacherous stab.""
—Joseph Conrad, *The Mirror of the Sea*",,2003,,0,0,0,1,0,0,0,0,0,1,0,0,0,0,0,Flying,normal,,,,{3}{U}{U},16228,81,,2854f284-974b-5842-8748-7c300e825b6c,27001,27000,129459,Air Elemental,64,,Flying (This creature can't be blocked except by creatures with flying or reach.),Creature - Elemental,,4,"10E,2ED,3ED,4BB,4ED,5ED,6ED,7ED,8ED,9ED,ANB,BRB,BTD,CED,CEI,DD2,DPA,FBB,GNT,JVC,LEA,LEB,M10,M19,M20,ME4,P02,PS11,S99,SUM,W17,XLN",,"{'cardKingdom': 'https://mtgjson.com/links/df98a4f2227a3062', 'cardmarket': 'https://mtgjson.com/links/38d327fe482e96ea', 'tcgplayer': 'https://mtgjson.com/links/e47e592c631a108e'}",uncommon,be2326dd-78c9-46bb-a459-306602939a41,75263648-0dd8-4b7f-a508-317e7db284ce,7744bae4-a8b7-44a5-9b4c-0048ad4cc448,10E,,Elemental,,15029,Flying,4,Creature — Elemental,Creature,76ddd7f5-1a84-55d5-98f5-4883c217e0d8,76d4f437-02e5-5f1c-a1d3-eddb55e8725d,
30,31,Jim Murray,,"mtgo,paper",black,123151,122783,U,,U,3,,9725,,,,"""Life is a game. The only thing that matters is whether you're a pawn or a player.""",,2003,,0,0,1,1,0,0,0,0,0,1,0,0,0,0,0,Mill,normal,"{'brawl': False, 'commander': True, 'oathbreaker': False}",,,{1}{U}{U},16229,132,,f9db3498-1b48-5877-8cef-d07c65c6cc20,27157,27156,129913,Ambassador Laquatus,65,,{3}: Target player puts the top three cards of his or her library into his or her graveyard.,Legendary Creature - Merfolk Wizard,,1,"10E,TOR",,"{'cardKingdom': 'https://mtgjson.com/links/2551b5f72c79bfc2', 'cardKingdomFoil': 'https://mtgjson.com/links/baaf6dd6df19ef38', 'cardmarket': 'https://mtgjson.com/links/a505ef0d73e9b807', 'tcgplayer': 'https://mtgjson.com/links/cca8de1b2290ac35'}",rare,b261067f-b5de-41cc-ba9e-6ef4c061e170,11ce5af9-1f4a-405f-9f80-27c5271f0c1c,2df8f253-1d3c-4b1f-8549-93fb90623474,10E,,"Merfolk,Wizard",Legendary,15030,{3}: Target player mills three cards.,3,Legendary Creature — Merfolk Wizard,Creature,29723d8d-34c9-5009-8b79-2c679e35f674,,
31,32,Christopher Moeller,,"mtgo,paper",black,,122786,U,,U,4,,16804,,,,The same spears that catch their food today will defend their homes tomorrow.,,2003,,0,0,0,1,0,0,0,0,0,1,0,0,0,0,0,Flying,normal,,,,{3}{U},16232,372,,aea807be-9b29-53fa-9665-b00b62d5dced,27489,27488,130985,Aven Fisher,68,,"Flying (This creature can't be blocked except by creatures with flying or reach.)
When Aven Fisher is put into a graveyard from play, you may draw a card.",Creature - Bird Soldier,,2,"10E,8ED,9ED,ODY",,"{'cardKingdom': 'https://mtgjson.com/links/64ef80425989fb2b', 'cardmarket': 'https://mtgjson.com/links/b113c5154ff3c5df', 'tcgplayer': 'https://mtgjson.com/links/65b39afbe17ed217'}",common,bba2cd91-84a7-4d05-9a0c-55440491be1e,fcc48146-0aee-43b6-adcd-63959b8a33a7,69a72414-d02f-4a5c-b5c9-8941bb181f61,10E,,"Bird,Soldier",,15046,"Flying (This creature can't be blocked except by creatures with flying or reach.)
When Aven Fisher dies, you may draw a card.",2,Creature — Bird Soldier,Creature,758df5d5-992f-5d30-b6bc-87cb1a0788ab,e4b4684b-8e14-5fcf-9286-497b7afd5b3a,
32,33,Greg Hildebrandt,,"mtgo,paper",black,,122787,U,,U,5,,19043,,,,"""The tiniest ripple tells a story ten fathoms deep.""",,2003,,0,0,0,1,0,0,0,0,0,1,0,0,0,0,0,Flying,normal,,,,{3}{U}{U},16233,383,,4ab8c1bf-a3f4-5b65-9768-ca3c1a2e7748,27495,27494,129473,Aven Windreader,69,,"Flying (This creature can't be blocked except by creatures with flying or reach.)
{1}{U}: Target player reveals the top card of his or her library.",Creature - Bird Soldier Wizard,,3,"10E,9ED,ODY,PSAL",,"{'cardKingdom': 'https://mtgjson.com/links/15f94639c9fa6739', 'cardmarket': 'https://mtgjson.com/links/44a3ea81281dd866', 'tcgplayer': 'https://mtgjson.com/links/dfc13f3d274992be'}",common,3a67d7ae-3117-433f-ad82-44a4f015fecf,6a3b1e17-b8b7-4a08-a7c7-df6783b4ac38,8406b724-a824-4905-83e0-a6c02d7f72e3,10E,,"Bird,Soldier,Wizard",,15047,"Flying (This creature can't be blocked except by creatures with flying or reach.)
{1}{U}: Target player reveals the top card of their library.",3,Creature — Bird Soldier Wizard,Creature,d833c453-58c5-5ff6-91b2-f526ca5f808a,e11ae348-44d1-5d45-bc5c-99a44d2acd5c,
33,34,Arnie Swekel,,"mtgo,paper",black,123156,122788,U,,U,2,,4761,,,,Early Jamuraan hunters devised a weapon that would return to its source. Tolarian Aethermancers developed a spell that skipped the weapon entirely.,,2003,,0,0,1,1,0,0,0,0,0,1,0,0,0,0,0,,normal,,,,{U}{U},16234,657,,bb865095-2690-5bee-a1ee-fd7d127acf28,27682,27681,129494,Boomerang,70,,Return target permanent to its owner's hand.,Instant,,,"10E,5ED,6ED,7ED,8ED,9ED,CHR,DPA,LEG,ME3,MIR,PG07,PRM,PS11,PSAL",,"{'cardKingdom': 'https://mtgjson.com/links/54bed0d91d435c10', 'cardKingdomFoil': 'https://mtgjson.com/links/fa69e88870a48cb8', 'cardmarket': 'https://mtgjson.com/links/aaa0e2f40b620368', 'tcgplayer': 'https://mtgjson.com/links/5ba83db36bb6f0cb'}",common,f4095675-1e3f-4d3c-b565-5c434d2e5cc0,c085ab49-41bc-4a66-8b8d-675e4a447cb4,dc4a4996-108a-4aac-850f-2d9f76403446,10E,,,,15062,Return target permanent to its owner's hand.,,Instant,Instant,1aac00c8-3b6e-5bdd-9fde-6cfcbc7837c0,,
34,35,Mark Poole,,"mtgo,paper",black,123157,122789,U,,U,3,,1256,,,,,,2003,,0,0,1,1,0,0,0,0,0,1,0,0,0,0,0,,normal,,,,{1}{U}{U},16235,8329,,de8ef420-862b-5b5c-a112-79c22cfdbceb,27754,27753,129882,Cancel,71,,Counter target spell.,Instant,,,"10E,AKH,ALA,DPA,KTK,M10,M11,M12,M14,M15,M19,M21,MB1,P10,PC2,PCA,PRM,PS11,RTR,TSP,XLN,ZEN",,"{'cardKingdom': 'https://mtgjson.com/links/601303acc9f43b72', 'cardKingdomFoil': 'https://mtgjson.com/links/9798f86d473cd02b', 'cardmarket': 'https://mtgjson.com/links/d7e71a0e812a81db', 'tcgplayer': 'https://mtgjson.com/links/2d4a981573949c6c'}",common,1850d1d5-f506-4e50-9d51-408f987bbbbd,ffd375af-af0d-451b-9296-904cf1c60ef8,7d00fb28-ea6c-49a9-b4af-ffb38860a9a7,10E,,,,15065,Counter target spell.,,Instant,Instant,cdc96814-2f52-5314-80ab-0cff2dcc5054,,
35,36,Alan Pollack,,"mtgo,paper",black,123158,122790,U,,U,3,,5429,,,,Cephalids don't police people. They police loyalties.,,2003,,0,0,1,1,0,0,0,0,0,1,0,0,0,0,0,,normal,,,,{1}{U}{U},16236,887,,031a56f1-1554-5ad3-b889-afe198354b85,27505,27504,135261,Cephalid Constable,72,,"Whenever Cephalid Constable deals combat damage to a player, return up to that many target permanents that player controls to their owners' hands.",Creature - Cephalid Wizard,,1,"10E,JUD,PSAL",,"{'cardKingdom': 'https://mtgjson.com/links/1072f0a115b91b5a', 'cardKingdomFoil': 'https://mtgjson.com/links/851ad542b473eb18', 'cardmarket': 'https://mtgjson.com/links/92e238e8607035a6', 'tcgplayer': 'https://mtgjson.com/links/4c7537914065ddb6'}",rare,82c5272d-df5b-4c21-9bff-4d6245b8d2a6,8a8c5787-efc7-4964-b9ee-f8a68ad7d3ee,a5236bf7-c84f-4c64-bf6b-3a89c05e161a,10E,,"Cephalid,Wizard",,15068,"Whenever Cephalid Constable deals combat damage to a player, return up to that many target permanents that player controls to their owner's hand.",1,Creature — Cephalid Wizard,Creature,9af574e4-dc6e-5246-8fe7-fee6c4c77a76,,
36,37,Kev Walker,,"mtgo,paper",black,123159,122791,U,,U,4,,1835,,,,,,2003,,0,0,1,1,0,0,0,0,0,1,0,0,0,0,0,,normal,,,,{3}{U},16237,1041,,c75ee39c-5afd-54c0-b2bf-be3d455373c2,27700,27699,129501,Clone,73,,"As Clone comes into play, you may choose a creature in play. If you do, Clone comes into play as a copy of that creature.",Creature - Shapeshifter,,0,"10E,2ED,3ED,9ED,CED,CEI,DDI,FBB,LEA,LEB,M10,M11,M13,M14,ONS,SUM",,"{'cardKingdom': 'https://mtgjson.com/links/230e1a1fea5c24f6', 'cardKingdomFoil': 'https://mtgjson.com/links/983c82d737d9a060', 'cardmarket': 'https://mtgjson.com/links/0831b0bc81e891eb', 'tcgplayer': 'https://mtgjson.com/links/b74d3a56bd9999f8'}",rare,0782f78b-ff4d-4567-8606-d4f0ebb0a304,2d71423d-b095-47bd-bf25-0723bd5b9d82,42226b87-0746-4ebf-9fd0-108d508462af,10E,,Shapeshifter,,15074,You may have Clone enter the battlefield as a copy of any creature on the battlefield.,0,Creature — Shapeshifter,Creature,8dfc67e9-8323-5d1f-9e25-9f9394abd5a0,,
37,38,Michael Sutfin,,"mtgo,paper",black,,122792,U,,U,3,,19413,,,,The soratami surround their sky-castles with living clouds that serve as both sword and shield.,,2003,,0,0,0,1,0,0,0,0,0,1,0,0,0,0,0,Flying,normal,,,,{2}{U},16238,1047,,ac0bc104-7986-5eb4-b6c9-375120468c17,27153,27152,129804,Cloud Elemental,74,,"Flying (This creature can't be blocked except by creatures with flying or reach.)
Cloud Elemental can block only creatures with flying.",Creature - Elemental,,2,"10E,BTD,M11,MB1,MM2,VIS,WC97",,"{'cardKingdom': 'https://mtgjson.com/links/4d6a22e5e423f0e0', 'cardmarket': 'https://mtgjson.com/links/28b2bf03037818e2', 'tcgplayer': 'https://mtgjson.com/links/bf3cd9e4a444d7dc'}",common,c6bc3025-704f-476b-bcb3-74b905755dc9,005698d0-90cc-42ed-bedf-fff9b0a9a685,0b751cc7-3a19-4207-9e64-83e18d279588,10E,,Elemental,,15075,"Flying
Cloud Elemental can block only creatures with flying.",3,Creature — Elemental,Creature,596a7bd4-895b-5e7c-8124-373fd709444d,4fed8c53-5ff9-51ce-a7a8-2fc629bf3d24,
38,39,Mark Zug,,"mtgo,paper",black,,122793,U,,U,1,,8791,,,,"The delicate sprites carry messages for Saprazzans, but they refuse to land in Mercadia City's filthy markets.",,2003,,0,0,0,1,0,0,0,0,0,1,0,0,0,0,0,Flying,normal,,,,{U},16239,1051,,807c3d5b-7fdc-5f9a-910d-20d6d1fbbe1a,27329,27328,132069,Cloud Sprite,75,,"Flying (This creature can't be blocked except by creatures with flying or reach.)
Cloud Sprite can block only creatures with flying.",Creature - Faerie,,1,"10E,DPA,MMQ,PS11",,"{'cardKingdom': 'https://mtgjson.com/links/60de15fd43b3d804', 'cardmarket': 'https://mtgjson.com/links/578ae12c269c9615', 'tcgplayer': 'https://mtgjson.com/links/9d5adf86cfeeb9a5'}",common,feacf831-a6e4-456b-b8f2-d7ec554281a1,c450f466-2cc3-44c2-acdf-831333b9533d,283433cb-9466-4b40-8af9-30934654d43b,10E,,Faerie,,15076,"Flying (This creature can't be blocked except by creatures with flying or reach.)
Cloud Sprite can block only creatures with flying.",1,Creature — Faerie,Creature,fdbec3b3-f6f2-5149-a70a-4f9d2622a87b,ba5acf09-98cc-5052-b65e-c5145e92fc1a,
39,40,Randy Gallegos,,"mtgo,paper",black,123162,122794,U,,U,3,,10027,,,,"""Wisdom is not the counting of all the drops in a waterfall. Wisdom is learning why the water seeks the earth.""",,2003,,0,0,1,1,0,0,0,0,0,1,0,0,0,0,0,,normal,,,,{2}{U},16240,6958,,1aa697f8-b8d9-548e-92d2-427640efc113,27664,27663,134757,Counsel of the Soratami,76,,Draw two cards.,Sorcery,,,"10E,9ED,CHK",,"{'cardKingdom': 'https://mtgjson.com/links/9f2d510f7de5e3d7', 'cardKingdomFoil': 'https://mtgjson.com/links/1f1b3f05b03eb3c3', 'cardmarket': 'https://mtgjson.com/links/a7a4a0f1c3bac621', 'tcgplayer': 'https://mtgjson.com/links/428f1bed2e3150c3'}",common,1224718a-e1a7-473d-ac9d-497e624376cd,65206491-1cfa-4820-b894-4406f0b6ff3e,62ddc5ae-ced9-4319-854c-1a114c6afc3f,10E,,,,15085,Draw two cards.,,Sorcery,Sorcery,eb5c94c7-5494-5669-9c54-6f3672d65683,,
40,41,Wayne England,,"mtgo,paper",black,123163,122795,U,,U,3,,15384,,,,"Follow the pathmage
—Otarian expression meaning ""escape quickly""",,2003,,0,0,1,1,0,0,0,0,0,1,0,0,0,0,0,,normal,,,,{2}{U},16241,1166,,c5fdd729-0c3c-53b9-8741-d9023fca6dd7,27513,27512,134758,Crafty Pathmage,77,,{T}: Target creature with power 2 or less is unblockable this turn.,Creature - Human Wizard,,1,"10E,9ED,ONS",,"{'cardKingdom': 'https://mtgjson.com/links/feb9f3f575cf9642', 'cardKingdomFoil': 'https://mtgjson.com/links/291d59410cafe3d2', 'cardmarket': 'https://mtgjson.com/links/28b5100c9beadee7', 'tcgplayer': 'https://mtgjson.com/links/39fc7eb1acebc28e'}",common,f186271c-2b03-4e0c-b922-27e23787d865,d21a5419-9ac2-4f97-832f-6249b6a40d02,c4020178-71d9-4363-a0bd-b9a7eecd5d02,10E,,"Human,Wizard",,15086,{T}: Target creature with power 2 or less can't be blocked this turn.,1,Creature — Human Wizard,Creature,8d5f87fd-7a87-572b-bdce-303effec6b92,,
41,42,Arnie Swekel,,"mtgo,paper",black,,122796,U,,U,4,,19070,,,,,,2003,,0,0,0,1,0,0,0,0,0,1,0,0,0,0,0,Enchant,normal,,,,{3}{U},16242,1421,,1cc1e203-89d1-5d70-866d-48002aa268fa,27555,27554,129521,Dehydration,78,,"Enchant creature (Target a creature as you play this. This card comes into play attached to that creature.)
Enchanted creature doesn't untap during its controller's untap step.",Enchantment - Aura,,,"10E,8ED,9ED,MMQ,PSAL",,"{'cardKingdom': 'https://mtgjson.com/links/3569c3c3c03f8514', 'cardmarket': 'https://mtgjson.com/links/e8bb2860d09d61e7', 'tcgplayer': 'https://mtgjson.com/links/29c90112ae7f54e5'}",common,4414ad73-146e-47a6-926a-ec148194bb50,f3d8b425-84ba-4074-a033-cb9029871a05,db27c686-e202-4b60-9a10-0a0fef25576c,10E,,Aura,,15093,"Enchant creature (Target a creature as you cast this. This card enters the battlefield attached to that creature.)
Enchanted creature doesn't untap during its controller's untap step.",,Enchantment — Aura,Enchantment,5a50a7e8-2ed1-5e8a-8867-c96f1186bd47,2bbaf3d6-9fbc-5ab8-93d3-d26e2ddec999,
42,43,Wayne England,,"mtgo,paper",black,123165,122797,U,,U,3,,11328,,,,"""From the sea came all life, and to the sea it will return. The sooner the better.""
—Emperor Aboshan",,2003,,0,0,1,1,0,0,0,0,0,1,0,0,0,0,0,,normal,,,,{2}{U},16243,1428,,b3bf8c54-da02-5028-b1ec-5485b4861e56,27487,27486,135223,Deluge,79,,Tap all creatures without flying.,Instant,,,"10E,DPA,ODY,PS11",,"{'cardKingdom': 'https://mtgjson.com/links/66f8f5079d5c69a8', 'cardKingdomFoil': 'https://mtgjson.com/links/b5b2664c4b2dc51c', 'cardmarket': 'https://mtgjson.com/links/51bcef8bfbc9707d', 'tcgplayer': 'https://mtgjson.com/links/42c1504621580b14'}",uncommon,baf37153-ec4c-4c2f-89f7-450f0a157311,4d85bb34-1b7d-4cfb-96bd-488ab0a3f111,cd271e61-0135-484f-ae02-5aaca57c1124,10E,,,,15094,Tap all creatures without flying.,,Instant,Instant,a9a74d88-7663-5419-a74c-5a28e8642b4f,,
43,44,Jim Pavelec,,"mtgo,paper",black,123166,122798,U,,U,8,,14256,,,,"According to merfolk legend, a denizen of the deep swallows the horizon at the end of each day, bringing on the cold blanket of night.",,2003,,0,0,1,1,0,0,0,0,0,1,0,0,0,0,0,,normal,,,,{6}{U}{U},16244,1440,,0498cd5a-75e9-5163-90e8-f8d15a97af59,27103,27102,135250,Denizen of the Deep,80,,"When Denizen of the Deep comes into play, return each other creature you control to its owner's hand.",Creature - Serpent,,11,"10E,DPA,P02,PS11,S99",,"{'cardKingdom': 'https://mtgjson.com/links/f05d4b6309d3a721', 'cardKingdomFoil': 'https://mtgjson.com/links/5f050a295f473b03', 'cardmarket': 'https://mtgjson.com/links/5b46dc7938598455', 'tcgplayer': 'https://mtgjson.com/links/1aedf3303b29d868'}",rare,3bf7e928-511c-4a31-b1fb-8c28bd41182a,0faf4f5e-80f8-4631-8d33-c8ea9672245a,fc1bb5b9-5e36-4154-b683-e62f4f66f2b6,10E,,Serpent,,15098,"When Denizen of the Deep enters the battlefield, return each other creature you control to its owner's hand.",11,Creature — Serpent,Creature,f4ee3e9e-21da-5a63-8278-3efa59da7df3,,
44,45,Alex Horley-Orlandelli,,"mtgo,paper",black,123167,122799,U,,U,4,,11153,,,,"""I said 'pick his brain,' not 'tear off his head.'""
—Riptide Project researcher",,2003,,0,0,1,1,0,0,0,0,0,1,0,0,0,0,0,,normal,,,,{2}{U}{U},16245,1506,,22ae1f11-52af-5d4b-b10d-731b833072e6,27515,27514,134749,Discombobulate,81,,"Counter target spell. Look at the top four cards of your library, then put them back in any order.",Instant,,,"10E,ONS",,"{'cardKingdom': 'https://mtgjson.com/links/7829a4f7eac288e8', 'cardKingdomFoil': 'https://mtgjson.com/links/192b89fa56eba659', 'cardmarket': 'https://mtgjson.com/links/3cb7cad5c6d9711e', 'tcgplayer': 'https://mtgjson.com/links/6eb0bcaa5d04fbec'}",uncommon,8bee0d51-f4a1-4a3a-9ccd-540c3afe62d0,92b28862-8d4c-49b5-a9b1-c739f4ffbd6b,b58d7a20-4bcd-4c33-8cda-955362525f48,10E,,,,15100,"Counter target spell. Look at the top four cards of your library, then put them back in any order.",,Instant,Instant,e2066f75-65de-5254-82f2-8e1f969bf31b,,
45,46,Kev Walker,,"mtgo,paper",black,123168,122800,U,,U,4,,3070,,,,"""Her voice is insight, piercing and true.""
—Ixidor, reality sculptor",,2003,,0,0,1,1,0,0,0,0,0,1,0,0,0,0,0,Mill,normal,,,,{2}{U}{U},16246,1605,,8d3b077d-fc4d-580c-aabf-d24acb3063b3,27543,27542,135246,Dreamborn Muse,82,,"At the beginning of each player's upkeep, that player puts the top X cards of his or her library into his or her graveyard, where X is the number of cards in his or her hand.",Creature - Spirit,,2,"10E,CM2,CMD,LGN",,"{'cardKingdom': 'https://mtgjson.com/links/79daa9c6c4ab9b7a', 'cardKingdomFoil': 'https://mtgjson.com/links/e2da781012a3953e', 'cardmarket': 'https://mtgjson.com/links/a9d36d64fe481fc5', 'tcgplayer': 'https://mtgjson.com/links/8acfb8c64a51a99d'}",rare,53ebb96f-185b-4aa5-ad4b-9c02ce44d387,4fccdaf9-d4af-413e-a180-b3a326227e28,68d7f338-c6e7-4372-b41c-901e39e08bde,10E,,Spirit,,15106,"At the beginning of each player's upkeep, that player mills X cards, where X is the number of cards in their hand.",2,Creature — Spirit,Creature,6f9ae90a-5638-5b88-a3d7-ccea4372eb79,,
46,47,Franz Vohwinkel,,"mtgo,paper",black,123169,122801,U,,U,5,,805,,,,"""Once I supply the breeze, you'll see your warriors for the smoke they truly are.""
—Alexi, zephyr mage",,2003,,0,0,1,1,0,0,0,0,0,1,0,0,0,0,0,,normal,,,,{3}{U}{U},16247,1882,,53370ae6-4591-50cb-96c1-89ea1778f6f9,27129,27128,129541,Evacuation,83,,Return all creatures to their owners' hands.,Instant,,,"10E,7ED,8ED,9ED,C16,DPA,PS11,STH",,"{'cardKingdom': 'https://mtgjson.com/links/3ae535b3c4908672', 'cardKingdomFoil': 'https://mtgjson.com/links/f5ea7648d4346771', 'cardmarket': 'https://mtgjson.com/links/30edb246b1c257a0', 'tcgplayer': 'https://mtgjson.com/links/e87b88aea0ac7a89'}",rare,a978fa0a-a52b-4464-afe3-d9f7bc202e63,0f1e6d11-36e4-440c-8133-10110d8891a2,fdd94383-b573-439a-8e1c-925af887c5a6,10E,,,,15118,Return all creatures to their owners' hands.,,Instant,Instant,100f46ae-e457-5491-b5d1-66cd9284304c,,
47,48,Roger Raupp,,"mtgo,paper",black,123211,122843,B,,B,3,,15623,,,,"One rarely notices a heartbeat, save when it is stolen.",,2003,,0,0,1,1,0,0,0,0,0,1,0,0,0,0,0,,normal,,,,{2}{B},16289,66,,8774e18f-3752-5c06-af94-5da3960da9ed,27483,27482,135206,Afflict,125,,"Target creature gets -1/-1 until end of turn.
Draw a card.",Instant,,,"10E,ODY",,"{'cardKingdom': 'https://mtgjson.com/links/f482c95c918b9360', 'cardKingdomFoil': 'https://mtgjson.com/links/1e5ea78c0b988422', 'cardmarket': 'https://mtgjson.com/links/d4769234b08c2262', 'tcgplayer': 'https://mtgjson.com/links/2cfe3a25e6fa5d8a'}",common,20f18447-2853-469b-b3b3-20d6bcafa6e7,83259a38-bbad-4dd1-bcd5-d1b1d96b0380,471f6ad3-cf01-42dd-a519-ea8e13039fea,10E,,,,15026,"Target creature gets -1/-1 until end of turn.
Draw a card.",,Instant,Instant,9acf4d13-d68f-5fec-93b4-caf0a14725a5,,
48,49,Adam Rex,,"mtgo,paper",black,123212,122844,B,,B,4,,18379,,,,"In the aftermath of war, when the slaying is long done, the greatest miseries come home to roost.",,2003,,0,0,1,1,0,0,0,0,0,1,0,0,0,0,0,,normal,,,,{2}{B}{B},16290,79,,13fbd62d-8c76-52fa-a91d-a20cc34747ab,27387,27386,135228,Agonizing Memories,126,,Look at target player's hand and choose two cards from it. Put them on top of that player's library in any order.,Sorcery,,,"10E,6ED,7ED,WTH",,"{'cardKingdom': 'https://mtgjson.com/links/2658a7c867bfce78', 'cardKingdomFoil': 'https://mtgjson.com/links/859e1ee22b75c9da', 'cardmarket': 'https://mtgjson.com/links/d5d9321fa5d1a301', 'tcgplayer': 'https://mtgjson.com/links/9f4ca945a1c9111a'}",uncommon,28bac7a8-d3bb-4032-b30b-db7328e4d2fc,8c77f7f7-4605-4315-9f9f-9690774d5945,2ac9d397-10ca-43ce-bff9-45d631553486,10E,,,,15028,Look at target player's hand and choose two cards from it. Put them on top of that player's library in any order.,,Sorcery,Sorcery,4429ce97-b78e-5bc4-bd34-a38b26794bdf,,
49,50,Mark Zug,,"mtgo,paper",black,,122845,B,,B,6,,7661,,,,"His soul snared by an angel's curse, Crovax twisted heroism into its purest shadow.",,2003,,0,0,0,1,0,0,0,0,0,1,0,0,0,0,0,Flying,normal,"{'brawl': False, 'commander': True, 'oathbreaker': False}",,,{4}{B}{B},16291,309,,db6218d8-04ed-52c6-9ea9-2a3d763eaba1,27333,27332,106525,Ascendant Evincar,127,,"Flying (This creature can't be blocked except by creatures with flying or reach.)
Other black creatures get +1/+1.
Nonblack creatures get -1/-1.",Legendary Creature - Vampire,,3,"10E,DPA,HOP,NEM,PMEI,PS11",,"{'cardKingdom': 'https://mtgjson.com/links/2396eea300472974', 'cardmarket': 'https://mtgjson.com/links/483738a163680a8f', 'tcgplayer': 'https://mtgjson.com/links/b371e5e21cf79b67'}",rare,82419eea-a397-41df-b526-f3bea857bbbd,4f85fc04-7734-49eb-99da-ecb604b2f14b,e32c0de7-132d-4a39-85fb-da0ed1132878,10E,,"Phyrexian,Vampire,Noble",Legendary,15040,"Flying (This creature can't be blocked except by creatures with flying or reach.)
Other black creatures get +1/+1.
Nonblack creatures get -1/-1.",3,Legendary Creature — Phyrexian Vampire Noble,Creature,bba43f4e-a9eb-5c89-8389-5935a1fbd8b3,c206ab94-4325-5766-91d6-62b8f50aeac8,
50,51,Mark Zug,,"mtgo,paper",black,123213,,B,,B,6,,7661,,,,"His soul snared by an angel's curse, Crovax twisted heroism into its purest shadow.",,2003,,0,0,1,0,1,0,0,0,0,1,0,0,0,0,0,Flying,normal,"{'brawl': False, 'commander': True, 'oathbreaker': False}",,,{4}{B}{B},16291,309,,f2d8870e-3ac7-550c-9f80-742b19735a38,,,,Ascendant Evincar,127★,,,,,3,"10E,DPA,HOP,NEM,PMEI,PS11",,"{'cardKingdomFoil': 'https://mtgjson.com/links/1ba36122cc87f5f1', 'cardmarket': 'https://mtgjson.com/links/9567fd2d2873e916', 'tcgplayer': 'https://mtgjson.com/links/74f8aa583951fb8c'}",rare,1d1244ad-5b5f-41e8-bb0e-9cc854e663fb,4f85fc04-7734-49eb-99da-ecb604b2f14b,e32c0de7-132d-4a39-85fb-da0ed1132878,10E,,"Phyrexian,Vampire,Noble",Legendary,15040,"Flying (This creature can't be blocked except by creatures with flying or reach.)
Other black creatures get +1/+1.
Nonblack creatures get -1/-1.",3,Legendary Creature — Phyrexian Vampire Noble,Creature,c206ab94-4325-5766-91d6-62b8f50aeac8,bba43f4e-a9eb-5c89-8389-5935a1fbd8b3,
51,52,Kev Walker,,"mtgo,paper",black,123214,122846,B,,B,3,,11274,,,,"""This is how wars are won—not with armies of soldiers but with a single knife blade, artfully placed.""
—Yurin, royal assassin",,2003,,0,0,1,1,0,0,0,0,0,1,0,0,0,0,0,,normal,,,,{2}{B},16292,8314,,baf4dd4c-bc49-5fa6-a119-ed59c0031be4,27756,27755,135194,Assassinate,128,,Destroy target tapped creature.,Sorcery,,,"10E,BBD,CNS,M10,M11,PC2,PCA,TSP,TSR",,"{'cardKingdom': 'https://mtgjson.com/links/efdb4b9f388a00c2', 'cardKingdomFoil': 'https://mtgjson.com/links/087dfdbb15559dea', 'cardmarket': 'https://mtgjson.com/links/321e179d4ea778f3', 'tcgplayer': 'https://mtgjson.com/links/12d9103218d7160f'}",common,d79599f4-7038-4b8f-9a44-e58b650f21a7,1b16f1d2-2329-4f50-b7c5-4c0a58656ee4,ce979f36-84f2-4419-b400-971263494cc6,10E,,,,15041,Destroy target tapped creature.,,Sorcery,Sorcery,c6f3da33-27e8-51e4-9859-ef7cb3cdbe61,,
52,53,Alan Pollack,,"mtgo,paper",black,123215,122847,B,,B,5,,1402,,,,A vertical scream pierces the night air and echoes doom through the clouds.,,2003,,0,0,1,1,0,0,0,0,0,1,0,0,0,0,0,,normal,,,,{3}{B}{B},16293,501,,d51f34a4-ce62-5003-94ec-86cdddea2d1c,27634,27633,135270,Beacon of Unrest,129,,Put target artifact or creature card in a graveyard into play under your control. Shuffle Beacon of Unrest into its owner's library.,Sorcery,,,"10E,2XM,5DN,ARC,C16,C19,HOP,PRM",,"{'cardKingdom': 'https://mtgjson.com/links/4f127165056d6318', 'cardKingdomFoil': 'https://mtgjson.com/links/b58b457a794870cb', 'cardmarket': 'https://mtgjson.com/links/19c7e462ea98227d', 'tcgplayer': 'https://mtgjson.com/links/4c41fed3aa069921'}",rare,1ee97c64-39ab-4967-a7e4-3fc5e793d534,b48f63a5-9b04-4eab-bf6f-e09f5d4c19bf,aef874fa-93c0-4f86-8b0d-dc24ec51467d,10E,,,,15053,Put target artifact or creature card from a graveyard onto the battlefield under your control. Shuffle Beacon of Unrest into its owner's library.,,Sorcery,Sorcery,efdd5367-9393-54c1-a6b8-c7810ee87ed5,,
53,54,Daarken,,"mtgo,paper",black,,122848,B,,B,4,,18385,,,,"Knowing Takenuma Swamp to be dangerous, Hisata set wards to warn him of predators. He never imagined that his murderer would pass through them unhindered.",,2003,,0,0,0,1,0,0,0,0,0,1,0,0,0,0,0,Swampwalk,normal,,,,{3}{B},16294,635,,1f36fc8b-d32a-5683-9bfa-6f02f7fdba84,27251,27250,129491,Bog Wraith,130,,Swampwalk (This creature is unblockable as long as defending player controls a Swamp.),Creature - Wraith,,3,"10E,2ED,3ED,4BB,4ED,5ED,6ED,7ED,8ED,9ED,CED,CEI,FBB,ITP,LEA,LEB,M10,POR,RQS,S99,SUM",,"{'cardKingdom': 'https://mtgjson.com/links/3751a622c1c5a9d8', 'cardmarket': 'https://mtgjson.com/links/ed91bb7f10099edd', 'tcgplayer': 'https://mtgjson.com/links/acb2c94724ac583d'}",uncommon,d1b39f2d-96f2-4cac-9f6d-a061dbef749b,f020f4cd-c88c-49bd-9dad-ea016e3712f1,508248d1-09a4-4e41-a4c9-286618e5061e,10E,,Wraith,,15060,Swampwalk (This creature can't be blocked as long as defending player controls a Swamp.),3,Creature — Wraith,Creature,ac084dab-6ac0-55fa-94b7-e009fede9012,efaa7c3d-c5e0-5346-b3b2-c6a3d132c27a,
54,55,Daarken,,"mtgo,paper",black,123216,,B,,B,4,,18385,,,,"Knowing Takenuma Swamp to be dangerous, Hisata set wards to warn him of predators. He never imagined that his murderer would pass through them unhindered.",,2003,,0,0,1,0,1,0,0,0,0,1,0,0,0,0,0,Swampwalk,normal,,,,{3}{B},16294,635,,4b6294e9-28db-5e4a-9d5d-4d4aeff037a3,,,,Bog Wraith,130★,,,,,3,"10E,2ED,3ED,4BB,4ED,5ED,6ED,7ED,8ED,9ED,CED,CEI,FBB,ITP,LEA,LEB,M10,POR,RQS,S99,SUM",,"{'cardKingdomFoil': 'https://mtgjson.com/links/bb9782f0ddf14ee1', 'cardmarket': 'https://mtgjson.com/links/ba51b7ca257fd55e', 'tcgplayer': 'https://mtgjson.com/links/00df95d407516fdd'}",uncommon,151643af-a8b7-4291-9ba1-839091eb342f,f020f4cd-c88c-49bd-9dad-ea016e3712f1,508248d1-09a4-4e41-a4c9-286618e5061e,10E,,Wraith,,15060,Swampwalk (This creature can't be blocked as long as defending player controls a Swamp.),3,Creature — Wraith,Creature,efaa7c3d-c5e0-5346-b3b2-c6a3d132c27a,ac084dab-6ac0-55fa-94b7-e009fede9012,
55,56,Ralph Horsley,,"mtgo,paper",black,123174,122806,U,,U,2,,3471,,,,"Hurkyl's research at the College of Lat-Nam wasn't enough to stop the two brothers, but for centuries thereafter her spellcraft taught artificers restraint.",,2003,,0,0,1,1,0,0,0,0,0,1,0,0,0,0,0,,normal,,,,{1}{U},16252,2770,,730441b7-7fc5-5e82-8829-5be75e237517,27211,27210,135260,Hurkyl's Recall,88,,Return all artifacts target player owns to his or her hand.,Instant,,,"10E,3ED,4BB,4ED,5ED,ATQ,FBB,MM2,SUM",,"{'cardKingdom': 'https://mtgjson.com/links/424059a4763cd4d1', 'cardKingdomFoil': 'https://mtgjson.com/links/0304fb3dfa08acae', 'cardmarket': 'https://mtgjson.com/links/dd0f2adda61c526b', 'tcgplayer': 'https://mtgjson.com/links/289320b261e9c336'}",rare,a7a42c38-6129-4e6e-9e27-e2c812ce6f45,efb59d41-d49c-40ef-a559-7dda47528fb0,ed1e5d24-c8a8-48fe-a88f-1003ad432477,10E,,,,15169,Return all artifacts target player owns to their hand.,,Instant,Instant,5ac794d2-4c66-5332-afb1-54b24bc11823,,
56,57,Ralph Horsley,,"mtgo,paper",black,123185,122817,U,,U,3,,10755,,,,Leave the door to the past even slightly ajar and it could be blown off its hinges.,,2003,,0,0,1,1,0,0,0,0,0,1,0,0,0,0,0,,normal,,,,{2}{U},16263,4621,,f4207737-c884-5526-a550-c29a16f5957a,27702,27701,129698,Reminisce,99,,Target player shuffles his or her graveyard into his or her library.,Sorcery,,,"10E,9ED,DDJ,ONS",,"{'cardKingdom': 'https://mtgjson.com/links/1711d66da1b75f1e', 'cardKingdomFoil': 'https://mtgjson.com/links/3f0eba872037365f', 'cardmarket': 'https://mtgjson.com/links/444e259d1ca1be7e', 'tcgplayer': 'https://mtgjson.com/links/4a97fe522ad6c646'}",uncommon,f49a8b0d-f130-4a16-a79c-607618cc40bd,771aff95-928f-4d87-8b43-c6468eda197d,296c4d2b-e41c-416b-807e-5b4db638ec57,10E,,,,15276,Target player shuffles their graveyard into their library.,,Sorcery,Sorcery,4fa9bf42-9170-594e-bbf9-42111adea313,,
57,58,Adam Rex,,"mtgo,paper",black,123186,122818,U,,U,2,,8469,,,,"When your enemies are denied soldiers, they are denied victory.",,2003,,0,0,1,1,0,0,0,0,0,1,0,0,0,0,0,,normal,,,,{1}{U},16264,4626,,c7b2e5c6-e9d6-5aaf-8dae-3ba79960516d,27421,27420,129699,Remove Soul,100,,Counter target creature spell.,Instant,,,"10E,5ED,6ED,7ED,8ED,9ED,CHR,LEG,ME3,P09,PRM,S99",,"{'cardKingdom': 'https://mtgjson.com/links/4e667b86ebaf1e04', 'cardKingdomFoil': 'https://mtgjson.com/links/c71b1c4e85f8e34e', 'cardmarket': 'https://mtgjson.com/links/d1a3028d07274ecb', 'tcgplayer': 'https://mtgjson.com/links/69916b1c90460da7'}",common,35673701-684c-4ba6-99f5-74364bc6fec2,e1922dfa-3d34-41e2-9350-14b704c9739d,b13c0f76-fbda-4911-9442-c3d7e97f1aac,10E,,,,15277,Counter target creature spell.,,Instant,Instant,f37b2caa-03c5-51ec-a02a-c2e5311a9fd5,,
58,59,Christopher Moeller,,"mtgo,paper",black,,122819,U,,U,1,,7596,,,,,,2003,,0,0,0,1,0,0,0,0,0,1,0,0,0,0,0,Enchant,normal,,,,{U},16265,4759,,a460550a-c24d-5abc-8b74-ee2f39452ff8,27193,27192,134764,Robe of Mirrors,101,,"Enchant creature (Target a creature as you play this. This card comes into play attached to that creature.)
Enchanted creature has shroud. (It can't be the target of spells or abilities.)",Enchantment - Aura,,,"10E,EXO",,"{'cardKingdom': 'https://mtgjson.com/links/127eba43473795d3', 'cardmarket': 'https://mtgjson.com/links/85117083ab85bf93', 'tcgplayer': 'https://mtgjson.com/links/98c25865924307d1'}",common,9948fcc3-6e95-4b39-accd-a4083fff1244,b167057a-bdbf-4c91-9c32-5fa0e939a878,093a20e5-ff14-41c7-b16c-1f745ddf6942,10E,,Aura,,15282,"Enchant creature (Target a creature as you cast this. This card enters the battlefield attached to that creature.)
Enchanted creature has shroud. (It can't be the target of spells or abilities.)",,Enchantment — Aura,Enchantment,9626b37d-3a04-5cd6-a636-943981354e2b,23aabc91-9146-5367-9cce-4fe955861abb,
59,60,Christopher Moeller,,"mtgo,paper",black,123187,,U,,U,1,,7596,,,,"""Some say you cannot hit what you cannot see. I prefer that you hit what I want you to see.""
—Arcanis the Omnipotent",,2003,,0,0,1,0,1,0,0,0,0,1,0,0,0,0,0,Enchant,normal,,,,{U},16265,4759,,2575b140-7aa0-58c9-b1b2-2a2c72898432,,,,Robe of Mirrors,101★,,,,,,"10E,EXO",,"{'cardKingdomFoil': 'https://mtgjson.com/links/487d8eefdfed3955', 'cardmarket': 'https://mtgjson.com/links/925223b29786738d', 'tcgplayer': 'https://mtgjson.com/links/c5bb934b2f766892'}",common,110b92c8-6bc3-4b2d-b71d-d04db8c3b465,b167057a-bdbf-4c91-9c32-5fa0e939a878,093a20e5-ff14-41c7-b16c-1f745ddf6942,10E,,Aura,,15282,"Enchant creature (Target a creature as you cast this. This card enters the battlefield attached to that creature.)
Enchanted creature has shroud. (It can't be the target of spells or abilities.)",,Enchantment — Aura,Enchantment,23aabc91-9146-5367-9cce-4fe955861abb,9626b37d-3a04-5cd6-a636-943981354e2b,
60,61,Mark Tedin,,"mtgo,paper",black,,122820,U,,U,3,,18996,,,,"Rootwater merfolk are seldom seen these days, but elf corpses are as numerous as ever.",,2003,,0,0,0,1,0,0,0,0,0,1,0,0,0,0,0,"Islandwalk,Landwalk",normal,,,,{2}{U},16266,4793,,4f7f1086-0712-572d-805b-6aa07aa1fc03,27337,27336,129733,Rootwater Commando,102,,Islandwalk (This creature is unblockable as long as defending player controls an Island.),Creature - Merfolk,,2,"10E,NEM",,"{'cardKingdom': 'https://mtgjson.com/links/266b989813e4f2d2', 'cardmarket': 'https://mtgjson.com/links/1b7bd9bf78df5293', 'tcgplayer': 'https://mtgjson.com/links/d5d4952c1b301029'}",common,1da47bd4-58b6-4ef3-bd42-caf947e38645,681f0158-b71e-4ac3-bc76-87ec4afb0f4f,d62e9510-dc41-493f-8289-6e11303884fc,10E,,Merfolk,,15287,Islandwalk (This creature can't be blocked as long as defending player controls an Island.),2,Creature — Merfolk,Creature,f1eba89f-dd82-5843-80a9-e9b2cd3a6037,f76ee94d-b1a1-5c9f-bdc8-4bf659844cd8,
61,62,Mark Tedin,,"mtgo,paper",black,123188,,U,,U,3,,18996,,,,"Rootwater merfolk are seldom seen these days, but elf corpses are as numerous as ever.",,2003,,0,0,1,0,1,0,0,0,0,1,0,0,0,0,0,"Islandwalk,Landwalk",normal,,,,{2}{U},16266,4793,,c44b9124-88ad-5252-9803-a2526a4f123b,,,,Rootwater Commando,102★,,,,,2,"10E,NEM",,"{'cardKingdomFoil': 'https://mtgjson.com/links/ef8c3b82c55cb43a', 'cardmarket': 'https://mtgjson.com/links/ccd42ba9e2274b40', 'tcgplayer': 'https://mtgjson.com/links/ce74b0aa74db921d'}",common,b8c1cfde-c08e-4fda-8b3c-7e7a0121f87b,681f0158-b71e-4ac3-bc76-87ec4afb0f4f,d62e9510-dc41-493f-8289-6e11303884fc,10E,,Merfolk,,15287,Islandwalk (This creature can't be blocked as long as defending player controls an Island.),2,Creature — Merfolk,Creature,f76ee94d-b1a1-5c9f-bdc8-4bf659844cd8,f1eba89f-dd82-5843-80a9-e9b2cd3a6037,
62,63,Scott M. Fischer,,"mtgo,paper",black,123123,122755,W,,W,3,,1630,,,,"Appointed by the kha himself, members of the tribunal ensure all disputes are settled with the utmost fairness.",,2003,,0,0,1,1,0,0,0,0,0,1,0,0,0,0,0,,normal,,,,{2}{W},16201,4822,,694576db-55bb-541d-97e2-c8795744b7b0,27591,27590,136291,Rule of Law,37,,Each player can't play more than one spell each turn.,Enchantment,,,"10E,M20,MRD",,"{'cardKingdom': 'https://mtgjson.com/links/252399241da39b29', 'cardKingdomFoil': 'https://mtgjson.com/links/eadf7906192bf860', 'cardmarket': 'https://mtgjson.com/links/fc951912165ae23b', 'tcgplayer': 'https://mtgjson.com/links/e1dd75dc13dbb5a1'}",uncommon,1529ebe9-c809-4c84-9096-1fa05388b660,08b77654-a853-4e7b-90c9-5fc403e3c2eb,53e88e64-6f82-4154-a66e-6aeb0154b368,10E,,,,15290,Each player can't cast more than one spell each turn.,,Enchantment,Enchantment,eee00aa2-c730-5ff1-84a9-51d95a9fe180,,
63,64,Daren Bader,,"mtgo,paper",black,123189,122821,U,,U,4,,13516,,,,"In the harsh depths of Rootwater, the charms of surface dwellers are quite useless . . . except as lures.",,2003,,0,0,1,1,0,0,0,0,0,1,0,0,0,0,0,,normal,,,,{2}{U}{U},16267,4797,,88a4b6f0-df20-52b2-8aee-db1377774628,27207,27206,135252,Rootwater Matriarch,103,,{T}: Gain control of target creature as long as that creature is enchanted.,Creature - Merfolk,,2,"10E,TMP",,"{'cardKingdom': 'https://mtgjson.com/links/137620c002e6ad3f', 'cardKingdomFoil': 'https://mtgjson.com/links/741d8605cdcfee92', 'cardmarket': 'https://mtgjson.com/links/919f41b20908f2bb', 'tcgplayer': 'https://mtgjson.com/links/8289ba597fc844cf'}",rare,09179261-aa02-4144-9028-3b8d6420a860,85ea6a13-1e8b-409e-8385-cb572ac76477,1d260526-db57-486d-b0bc-d523139a0148,10E,,Merfolk,,15288,{T}: Gain control of target creature for as long as that creature is enchanted.,3,Creature — Merfolk,Creature,fc96da15-9362-585a-b555-f7a7e5480e8b,,
64,65,Mark Brill,,"mtgo,paper",black,,122822,U,,U,2,,4952,,,,,,2003,,0,0,0,1,0,0,0,0,0,1,0,0,0,0,0,Flying,normal,,,,{1}{U},16268,4869,,ebeff6a1-d8f4-5b7e-b25c-8a5e52a179a9,27423,27422,135217,Sage Owl,104,,"Flying (This creature can't be blocked except by creatures with flying or reach.)
When Sage Owl comes into play, look at the top four cards of your library, then put them back in any order.",Creature - Bird,,1,"10E,6ED,7ED,8ED,M10,PSAL,WTH",,"{'cardKingdom': 'https://mtgjson.com/links/4428f9983ee9a10d', 'cardmarket': 'https://mtgjson.com/links/77845c3672fa4ead', 'tcgplayer': 'https://mtgjson.com/links/1b43da24ccfe258e'}",common,1ed89567-cb18-4e51-a978-eac81d112aa1,05a4ef04-ff69-46b5-8579-d4d080cdec6f,d47fc902-51f7-4ad1-8ee4-c973e32192b8,10E,,Bird,,15292,"Flying
When Sage Owl enters the battlefield, look at the top four cards of your library, then put them back in any order.",1,Creature — Bird,Creature,cdf65c48-2ac8-522a-bbcf-2f8165187a18,67adcf6f-bf56-5ca8-a3fb-a1045b4fba41,
65,66,Mark Brill,,"mtgo,paper",black,123190,,U,,U,2,,4952,,,,,,2003,,0,0,1,0,1,0,0,0,0,1,0,0,0,0,0,Flying,normal,,,,{1}{U},16268,4869,,aeee6933-1d44-57b2-8684-f66c8664271f,,,,Sage Owl,104★,,,,,1,"10E,6ED,7ED,8ED,M10,PSAL,WTH",,"{'cardKingdomFoil': 'https://mtgjson.com/links/8c4a78ae88b1ee23', 'cardmarket': 'https://mtgjson.com/links/99d392bcc862c3ff', 'tcgplayer': 'https://mtgjson.com/links/df4b7494ba154915'}",common,36d6c0f1-7479-4f15-8d85-e8dfface190d,05a4ef04-ff69-46b5-8579-d4d080cdec6f,d47fc902-51f7-4ad1-8ee4-c973e32192b8,10E,,Bird,,15292,"Flying
When Sage Owl enters the battlefield, look at the top four cards of your library, then put them back in any order.",1,Creature — Bird,Creature,67adcf6f-bf56-5ca8-a3fb-a1045b4fba41,cdf65c48-2ac8-522a-bbcf-2f8165187a18,
66,67,Mark Tedin,,"mtgo,paper",black,,122823,U,,U,5,,15943,,,,,,2003,,0,0,0,1,0,0,0,0,0,1,0,0,0,0,0,Flying,normal,,,,{4}{U},16269,4937,,f1daad28-e3a2-5878-882e-303203bc21f2,27503,27502,130818,Scalpelexis,105,,"Flying (This creature can't be blocked except by creatures with flying or reach.)
Whenever Scalpelexis deals combat damage to a player, that player removes the top four cards of his or her library from the game. If two or more of those cards have the same name, repeat this process.",Creature - Beast,,1,"10E,JUD",,"{'cardKingdom': 'https://mtgjson.com/links/5aecce674e7769c8', 'cardmarket': 'https://mtgjson.com/links/80c320f16af709c4', 'tcgplayer': 'https://mtgjson.com/links/d4335a351f0cf195'}",rare,ad3ca697-bdf4-41df-973d-22a0ce89ad35,9c78a655-e879-4a42-bfa8-d3d391d0880b,99eb50ef-352f-47c4-91e3-32813cbe0649,10E,,Beast,,15294,"Flying (This creature can't be blocked except by creatures with flying or reach.)
Whenever Scalpelexis deals combat damage to a player, that player exiles the top four cards of their library. If two or more of those cards have the same name, repeat this process.",5,Creature — Beast,Creature,d5124438-a5d4-5b3b-88af-d179f4b9c9af,f4670242-6ae0-5ec4-872d-391386bb026b,
67,68,Mark Tedin,,"mtgo,paper",black,123191,,U,,U,5,,15943,,,,,,2003,,0,0,1,0,1,0,0,0,0,1,0,0,0,0,0,Flying,normal,,,,{4}{U},16269,4937,,6726b384-cd58-5bb6-9e99-a1464b73ee7d,,,,Scalpelexis,105★,,,,,1,"10E,JUD",,"{'cardKingdomFoil': 'https://mtgjson.com/links/14f217ac2967fbad', 'cardmarket': 'https://mtgjson.com/links/121cae0747e180eb', 'tcgplayer': 'https://mtgjson.com/links/529089b83ce64569'}",rare,c8d19d71-3ae2-4c48-aa7e-406b2c188b99,9c78a655-e879-4a42-bfa8-d3d391d0880b,99eb50ef-352f-47c4-91e3-32813cbe0649,10E,,Beast,,15294,"Flying (This creature can't be blocked except by creatures with flying or reach.)
Whenever Scalpelexis deals combat damage to a player, that player exiles the top four cards of their library. If two or more of those cards have the same name, repeat this process.",5,Creature — Beast,Creature,f4670242-6ae0-5ec4-872d-391386bb026b,d5124438-a5d4-5b3b-88af-d179f4b9c9af,
68,69,Greg Staples,,"mtgo,paper",black,,122757,W,,W,5,,6781,,,,Her sword sings more beautifully than any choir.,,2003,,0,0,0,1,0,0,0,0,0,1,0,0,0,0,0,"Flying,Vigilance",normal,,,,{3}{W}{W},16203,5066,,4a4e8a00-e123-5ec8-80d4-71fab8b650a4,27686,27685,129726,Serra Angel,39,,"Flying, vigilance (This creature can't be blocked except by creatures with flying or reach, and attacking doesn't cause this creature to tap.)",Creature - Angel,,4,"10E,2ED,3ED,4BB,4ED,7ED,8ED,9ED,ANB,ATH,CED,CEI,CMA,CMD,DDC,DOM,DVD,EMA,FBB,GNT,IMA,JMP,LEA,LEB,M10,M11,M12,M13,M14,M15,ME4,OANA,ORI,PDOM,PRM,PS11,PTC,PWOS,SUM,V15,W16,W17",,"{'cardKingdom': 'https://mtgjson.com/links/9b2bab611eaa59c1', 'cardmarket': 'https://mtgjson.com/links/7405d2f3109dec3f', 'tcgplayer': 'https://mtgjson.com/links/378075312735712d'}",rare,658b2f11-7420-4fa7-98f0-4f4be2093355,5f5651af-22fb-4fb8-a04c-1f34b5104bd9,4b7ac066-e5c7-43e6-9e7e-2739b24a905d,10E,,Angel,,15303,"Flying, vigilance",4,Creature — Angel,Creature,be665b02-1cf2-50c6-8861-85da921bc853,b2f56602-e85a-588f-a4be-40b6e56f44f7,
69,70,Brian Despain,,"mtgo,paper",black,123192,122824,U,,U,6,,17428,,,,It's easy to believe the monster is a myth—until you feel three hundred thousand pounds of myth crashing down on your ship.,,2003,,0,0,1,1,0,0,0,0,0,1,0,0,0,0,0,,normal,,,,{4}{U}{U},16270,4995,,82ad0184-cebb-53c4-b7ce-6c29eb952796,27145,27144,129719,Sea Monster,106,,Sea Monster can't attack unless defending player controls an Island.,Creature - Serpent,,6,"10E,6ED,7ED,8ED,9ED,TMP,TPR",,"{'cardKingdom': 'https://mtgjson.com/links/949de365c98c8e7a', 'cardKingdomFoil': 'https://mtgjson.com/links/eda3b55993e04680', 'cardmarket': 'https://mtgjson.com/links/7dfd81fc2cfae835', 'tcgplayer': 'https://mtgjson.com/links/5ae6f777960c01c3'}",common,3809b4c6-79b4-4a06-8fc9-beabc278cbf8,af2bba49-8a3c-4b9b-893b-31243b6c228c,21b07ce7-b4f9-438c-8c09-e624557d62d2,10E,,Serpent,,15299,Sea Monster can't attack unless defending player controls an Island.,6,Creature — Serpent,Creature,9db6f50d-3242-5cbc-9f71-45477f4967df,,
70,71,Carl Critchlow,,"mtgo,paper",black,,122825,U,,U,1,,10358,,,,,,2003,,0,0,0,1,0,0,0,0,0,1,0,0,0,0,0,Enchant,normal,,,,{U},16271,5147,,db84bfe9-3032-58c8-8e03-46c4f18d0f03,27357,27356,129553,Shimmering Wings,107,,"Enchant creature (Target a creature as you play this. This card comes into play attached to that creature.)
Enchanted creature has flying. (It can't be blocked except by creatures with flying or reach.)
{U}: Return Shimmering Wings to its owner's hand.",Enchantment - Aura,,,"10E,INV,TMP",,"{'cardKingdom': 'https://mtgjson.com/links/3ab7101239256874', 'cardmarket': 'https://mtgjson.com/links/5204c9a847804e2f', 'tcgplayer': 'https://mtgjson.com/links/cadaf4efd9872b77'}",common,66c9aa9f-acd5-4908-9e11-1a152363ef42,bec6e9bd-6db1-4299-a2e7-f514637db1cd,7d892d61-5a69-4500-9fb2-7cf50728aedd,10E,,Aura,,15307,"Enchant creature (Target a creature as you cast this. This card enters the battlefield attached to that creature.)
Enchanted creature has flying. (It can't be blocked except by creatures with flying or reach.)
{U}: Return Shimmering Wings to its owner's hand.",,Enchantment — Aura,Enchantment,a122a3b0-b686-5b96-a02c-926423c65b13,41b6098d-f7d9-5a37-9734-01dff7ce4912,
71,72,Carl Critchlow,,"mtgo,paper",black,123193,,U,,U,1,,10358,,,,"""I leave words like 'impossible' to the rabble. Whatever I can imagine, I can create.""
—Ixidor, reality sculptor",,2003,,0,0,1,0,1,0,0,0,0,1,0,0,0,0,0,Enchant,normal,,,,{U},16271,5147,,8ee7fc32-46c9-57a6-b326-f680d0a8b41f,,,,Shimmering Wings,107★,,,,,,"10E,INV,TMP",,"{'cardKingdomFoil': 'https://mtgjson.com/links/41862788c45aa11c', 'cardmarket': 'https://mtgjson.com/links/d9796156242d35aa', 'tcgplayer': 'https://mtgjson.com/links/9f7dae0f0471891f'}",common,ae2c0439-aed2-4ed5-b38a-d2b321811ccc,bec6e9bd-6db1-4299-a2e7-f514637db1cd,7d892d61-5a69-4500-9fb2-7cf50728aedd,10E,,Aura,,15307,"Enchant creature (Target a creature as you cast this. This card enters the battlefield attached to that creature.)
Enchanted creature has flying. (It can't be blocked except by creatures with flying or reach.)
{U}: Return Shimmering Wings to its owner's hand.",,Enchantment — Aura,Enchantment,41b6098d-f7d9-5a37-9734-01dff7ce4912,a122a3b0-b686-5b96-a02c-926423c65b13,
72,73,Jeremy Jarvis,,"mtgo,paper",black,123194,122826,U,,U,4,,8560,,,,Dwell longest on the thoughts that shine brightest.,,2003,,0,0,1,1,0,0,0,0,0,1,0,0,0,0,0,,normal,,,,{3}{U},16272,6838,,fcfa590d-049d-59ef-b0f8-275b1e491318,27692,27691,136217,Sift,108,,"Draw three cards, then discard a card.",Sorcery,,,"10E,2XM,9ED,A25,M19,PS11,STH,TPR",,"{'cardKingdom': 'https://mtgjson.com/links/5866b22f0ed166c4', 'cardKingdomFoil': 'https://mtgjson.com/links/3ad3caacec34350b', 'cardmarket': 'https://mtgjson.com/links/e9532a59ddb897db', 'tcgplayer': 'https://mtgjson.com/links/d94a74adafd52e9c'}",common,917a5c02-89b1-4d06-8d65-8db8c9c485a9,34c70ff0-9feb-44c7-b88d-fae351f674c3,6e060984-2015-4dc4-b53d-ab6bf2abdacc,10E,,,,15314,"Draw three cards, then discard a card.",,Sorcery,Sorcery,39adc884-8e24-572d-ad54-74561b1cb139,,
73,74,Christopher Moeller,,"mtgo,paper",black,,122827,U,,U,2,,20238,,,,"""Let my wisdom give you wings.""",,2003,,0,0,0,1,0,0,0,0,0,1,0,0,0,0,0,,normal,,,,{1}{U},16273,5268,,271da5fb-c010-5598-82d1-6555a7417d73,27373,27372,130998,Sky Weaver,109,,{2}: Target white or black creature gains flying until end of turn. (It can't be blocked except by creatures with flying or reach.),Creature - Metathran Wizard,,2,"10E,INV",,"{'cardKingdom': 'https://mtgjson.com/links/b034f2a13fea525e', 'cardmarket': 'https://mtgjson.com/links/acef4ea788d88a24', 'tcgplayer': 'https://mtgjson.com/links/77e5b1b5cbd7bf83'}",uncommon,5095e0e4-d077-46a5-850c-68399fd16da6,c773974b-686f-4113-bede-35deb03dc6ea,25933e8b-fa48-4152-9eae-388aef10ad37,10E,,"Metathran,Wizard",,15315,{2}: Target white or black creature gains flying until end of turn. (It can't be blocked except by creatures with flying or reach.),1,Creature — Metathran Wizard,Creature,18db55ad-e62f-5c76-a6b8-743378d6ea38,e451cc8a-2bbe-5850-adc4-fb1b738bcef0,
74,75,Christopher Moeller,,"mtgo,paper",black,123195,,U,,U,2,,20238,,,,"""Let my wisdom give you wings.""",,2003,,0,0,1,0,1,0,0,0,0,1,0,0,0,0,0,,normal,,,,{1}{U},16273,5268,,3298fe46-a4f4-56f7-b02a-d57d76f3ad8c,,,,Sky Weaver,109★,,,,,2,"10E,INV",,"{'cardKingdomFoil': 'https://mtgjson.com/links/e92d441fd1fddccb', 'cardmarket': 'https://mtgjson.com/links/ad5c95997bb19525', 'tcgplayer': 'https://mtgjson.com/links/22babcff3a77ba3b'}",uncommon,c58d58cf-3023-43cd-8aec-61e32510471a,c773974b-686f-4113-bede-35deb03dc6ea,25933e8b-fa48-4152-9eae-388aef10ad37,10E,,"Metathran,Wizard",,15315,{2}: Target white or black creature gains flying until end of turn. (It can't be blocked except by creatures with flying or reach.),1,Creature — Metathran Wizard,Creature,e451cc8a-2bbe-5850-adc4-fb1b738bcef0,18db55ad-e62f-5c76-a6b8-743378d6ea38,
75,76,Anthony S. Waters,,"mtgo,paper",black,,122879,B,,B,4,,3656,,,,,,2003,,0,0,0,1,0,0,0,0,0,1,0,0,0,0,0,,normal,,,,{2}{B}{B},16325,3735,,b4801581-9352-5c7a-83cc-ee51cef756a7,27481,27480,129648,Mortivore,161,,"Mortivore's power and toughness are each equal to the number of creature cards in all graveyards.
{B}: Regenerate Mortivore. (The next time this creature would be destroyed this turn, it isn't. Instead tap it, remove all damage from it, and remove it from combat.)",Creature - Lhurgoyf,,*,"10E,9ED,CM2,CMD,DPA,ODY,PS11",,"{'cardKingdom': 'https://mtgjson.com/links/457813fb144d9b4b', 'cardmarket': 'https://mtgjson.com/links/f4000df8d5a47f03', 'tcgplayer': 'https://mtgjson.com/links/a5a301f57cc6fa6d'}",rare,b0ad89ad-03ee-4227-b2a6-5d5002eecead,062c36cb-5c33-4c8f-9010-2b4a74ee75e9,2f554218-2072-4d9b-b4d4-34f161f1f2a9,10E,,Lhurgoyf,,15224,"Mortivore's power and toughness are each equal to the number of creature cards in all graveyards.
{B}: Regenerate Mortivore.",*,Creature — Lhurgoyf,Creature,889dbfab-bcc2-5a94-ba57-01d229c6dccd,4cd3a77f-82ac-5204-8f60-b04234d2db30,
76,77,Anthony S. Waters,,"mtgo,paper",black,123247,,B,,B,4,,3656,,,,The light sigh of its breath whistles through its bones.,,2003,,0,0,1,0,1,0,0,0,0,1,0,0,0,0,0,,normal,,,,{2}{B}{B},16325,3735,,ae1cc778-f71d-5d03-86bd-7d8a08cd44d5,,,,Mortivore,161★,,,,,*,"10E,9ED,CM2,CMD,DPA,ODY,PS11",,"{'cardKingdomFoil': 'https://mtgjson.com/links/124190cb1b9fb6cf', 'cardmarket': 'https://mtgjson.com/links/d9f553c9a8b7f688', 'tcgplayer': 'https://mtgjson.com/links/809b2db87c79f76a'}",rare,8c9c213d-9262-4cba-8bde-161baf8cc0c0,062c36cb-5c33-4c8f-9010-2b4a74ee75e9,2f554218-2072-4d9b-b4d4-34f161f1f2a9,10E,,Lhurgoyf,,15224,"Mortivore's power and toughness are each equal to the number of creature cards in all graveyards.
{B}: Regenerate Mortivore.",*,Creature — Lhurgoyf,Creature,4cd3a77f-82ac-5204-8f60-b04234d2db30,889dbfab-bcc2-5a94-ba57-01d229c6dccd,
77,78,Darrell Riche,,"mtgo,paper",black,,122748,W,,W,3,,6213,,,,"On the wild steppes, history vanishes in the dust. Only the mythmakers remain to say what was, and is, and will be.",,2003,,0,0,0,1,0,0,0,0,0,1,0,0,0,0,0,,normal,,,,{2}{W},16194,3921,,32e59260-e459-5b89-8943-62d13e89fc13,27183,27182,130547,Nomad Mythmaker,30,,"{W}, {T}: Put target Aura card in a graveyard into play attached to a creature you control. (You control that Aura.)",Creature - Human Nomad Cleric,,2,"10E,JUD",,"{'cardKingdom': 'https://mtgjson.com/links/574477053e086f4d', 'cardmarket': 'https://mtgjson.com/links/673624d0cfe0f66a', 'tcgplayer': 'https://mtgjson.com/links/c79fdb2d0b6fba07'}",rare,0468f109-8020-4a74-8ffd-bba771362f76,c627009d-0116-496a-b3fe-99701b816a03,591ce7dc-8407-43ed-acfc-e3d8fd547125,10E,,"Human,Nomad,Cleric",,15235,"{W}, {T}: Put target Aura card from a graveyard onto the battlefield under your control attached to a creature you control.",2,Creature — Human Nomad Cleric,Creature,5d53a06b-68a0-5d1a-a1a5-a676f16c23dd,ac19e0e0-6d8e-55ad-a7a9-68fd6032eaab,
78,79,Dave Kendall,,"mtgo,paper",black,,122750,W,,W,3,,11211,,,,,,2003,,0,0,0,1,0,0,0,0,0,1,0,0,0,0,0,"First strike,Protection",normal,,,,{1}{W}{W},16196,4065,,6ceacfec-888c-5176-b243-44b985dcddd3,27175,27174,129668,Paladin en-Vec,32,,"First strike, protection from black, protection from red (This creature deals combat damage before creatures without first strike. It can't be blocked, targeted, dealt damage, or enchanted by anything black or red.)",Creature - Human Knight,,2,"10E,9ED,EXO,TPR,WC98",,"{'cardKingdom': 'https://mtgjson.com/links/1fadb97e30dd66f0', 'cardmarket': 'https://mtgjson.com/links/8c927dc89f9d7d60', 'tcgplayer': 'https://mtgjson.com/links/f5ed48ae508fb2e3'}",rare,aea1a8e1-35f4-4b4a-aa68-21b5219527a9,33556e14-16af-44f1-ae7d-39adb84556b0,fd8722e1-9c41-4037-ab7e-47e2aa9858a0,10E,,"Human,Knight",,15241,"First strike, protection from black and from red (This creature deals combat damage before creatures without first strike. It can't be blocked, targeted, dealt damage, or enchanted by anything black or red.)",2,Creature — Human Knight,Creature,214dbfe9-0f16-5b6b-be30-8771192a89ec,08a671f0-ea90-531e-bbeb-c00793a57672,
79,80,Adam Rex,,"mtgo,paper",black,123180,122812,U,,U,1,,4627,,,,Sometimes you have to read between the minds.,,2003,,0,0,1,1,0,0,0,0,0,1,0,0,0,0,0,,normal,,,,{U},16258,4125,,c728d0c8-6eb7-5fe0-8301-13f11c634059,27493,27492,130903,Peek,94,,"Look at target player's hand.
Draw a card.",Instant,,,"10E,ODY",,"{'cardKingdom': 'https://mtgjson.com/links/e1d44e6291956e06', 'cardKingdomFoil': 'https://mtgjson.com/links/ccb74c566ee870ec', 'cardmarket': 'https://mtgjson.com/links/cfda0abbaf00c87f', 'tcgplayer': 'https://mtgjson.com/links/65d161cb9f21fa7f'}",common,869a6c06-eae5-418e-9a5c-26598a929416,9b985b80-c209-41fb-b5f1-aa1038789311,873abbf4-c9b5-4b8f-8cd0-613cf3b9b1d5,10E,,,,15243,"Look at target player's hand.
Draw a card.",,Instant,Instant,284ed7cc-8917-5005-bfa9-e7c61b1fb85e,,
80,81,Greg Staples,,"mtgo,paper",black,123182,122814,U,,U,3,,10519,,,,"""There are as many pillows of illusion as flakes in a snow-storm. We wake from one dream into another dream.""
—Ralph Waldo Emerson, ""Illusions""",,2003,,0,0,1,1,0,0,0,0,0,1,0,0,0,0,0,,normal,,,,{1}{U}{U},16260,4171,,98a13df1-e0ba-5195-bc5b-1495e16c9ebb,27417,27416,132064,Phantom Warrior,96,,Phantom Warrior is unblockable.,Creature - Illusion Warrior,,2,"10E,6ED,7ED,8ED,9ED,BBD,DPA,M10,M14,M20,POR,PS11,S99,WTH",,"{'cardKingdom': 'https://mtgjson.com/links/b6f55faa40ff8d94', 'cardKingdomFoil': 'https://mtgjson.com/links/3e8646fe63b20532', 'cardmarket': 'https://mtgjson.com/links/5e1ba7bdef07af3f', 'tcgplayer': 'https://mtgjson.com/links/fd9e12fef21a8079'}",uncommon,626ea51c-1ef0-49ed-93de-52f8f6a9d595,752b93ed-90b8-4a00-a9b4-b7378b5b4ff9,23745133-e5e2-4ce3-b94a-73d0d3d8a013,10E,,"Illusion,Warrior",,15246,Phantom Warrior can't be blocked.,2,Creature — Illusion Warrior,Creature,8d5006e3-45cb-5d9f-896d-83a22d86d53d,,
81,82,Jeremy Jarvis,,"mtgo,paper",black,123183,122815,U,,U,4,,12585,,,,"""Are you thinking what I'm thinking?""",,2003,,0,0,1,1,0,0,0,0,0,1,0,0,0,0,0,,normal,,,,{3}{U},16261,4241,,d988a7ad-5485-57a2-9eb1-990cc3b9a5fe,27704,27703,129883,Plagiarize,97,,"Until end of turn, if target player would draw a card, instead that player skips that draw and you draw a card.",Instant,,,"10E,9ED,TOR",,"{'cardKingdom': 'https://mtgjson.com/links/0cd65de07a07d364', 'cardKingdomFoil': 'https://mtgjson.com/links/a53d5d53ef6a00fa', 'cardmarket': 'https://mtgjson.com/links/8bf3036c807c8b88', 'tcgplayer': 'https://mtgjson.com/links/17356dde1b61086f'}",rare,d59ae2f8-1e19-495a-86a9-8391e1e14ac5,48a42299-fe23-47ce-a28d-1177b9100bcd,ba4f9450-d468-4686-9f48-00fa08c6ac52,10E,,,,15251,"Until end of turn, if target player would draw a card, instead that player skips that draw and you draw a card.",,Instant,Instant,5a1f3fc3-e970-5408-94ef-e7c78e57000b,,
82,83,Matt Thompson,,"mtgo,paper",black,123217,122849,B,,B,2,,6446,,,,"""Your blood, your marrow, your spirit—all are mine.""
—Mayvar, minion of Geth",,2003,,0,0,1,1,0,0,0,0,0,1,0,0,0,0,0,,normal,,,,{X}{1}{B},16295,1112,,a97410e8-c13c-562c-b296-73689d7007db,27567,27566,129505,Consume Spirit,131,,"Spend only black mana on X.
Consume Spirit deals X damage to target creature or player and you gain X life.",Sorcery,,,"10E,9ED,DDC,DPA,DVD,HOP,M10,M12,MRD,PIDW,PS11",,"{'cardKingdom': 'https://mtgjson.com/links/e319a78172fd3510', 'cardKingdomFoil': 'https://mtgjson.com/links/2e2eaa7077434f4c', 'cardmarket': 'https://mtgjson.com/links/8b3360fc0c63b1e2', 'tcgplayer': 'https://mtgjson.com/links/29d33b54c00c636a'}",uncommon,b8117171-08a7-44f6-9c14-12e8b96c7632,fc8e60f0-6d09-4f1e-af71-262f3d2c0096,861fa80d-99e0-4332-a2b8-5aa959fd41a4,10E,,,,15083,"Spend only black mana on X.
Consume Spirit deals X damage to any target and you gain X life.",,Sorcery,Sorcery,26180f1b-41a1-5fa5-9f6b-39ee08a1a203,,
83,84,Thomas M. Baxa,,"mtgo,paper",black,,122850,B,,B,2,,14769,,,,,,2003,,0,0,0,1,0,0,0,0,0,1,0,0,0,0,0,Enchant,normal,,,,{1}{B},16296,1117,,c5393c68-2c74-523c-93a7-f4bd53f46faa,27593,27592,129590,Contaminated Bond,132,,"Enchant creature (Target a creature as you play this. This card comes into play attached to that creature.)
Whenever enchanted creature attacks or blocks, its controller loses 3 life.",Enchantment - Aura,,,"10E,9ED,MRD",,"{'cardKingdom': 'https://mtgjson.com/links/7ea01025ac25673f', 'cardmarket': 'https://mtgjson.com/links/ddbac221dc5dff07', 'tcgplayer': 'https://mtgjson.com/links/c7ee56ec6decbeeb'}",common,a56b6552-367e-4b0b-9095-42322843b1b2,455626bc-4c8c-4257-a12e-21ac7207e1fe,56aeaee8-e014-485e-b7ad-e26ade663bcf,10E,,Aura,,15084,"Enchant creature (Target a creature as you cast this. This card enters the battlefield attached to that creature.)
Whenever enchanted creature attacks or blocks, its controller loses 3 life.",,Enchantment — Aura,Enchantment,2562f5f1-4de2-5834-a9ff-99092380d910,9c0311e8-03c1-527d-9d90-6fa2dba2aae9,
84,85,Michael Sutfin,,"mtgo,paper",black,123219,122851,B,,B,2,,11539,,,,"""Choose your next words carefully. They will be your last.""
—Phage the Untouchable",,2003,,0,0,1,1,0,0,0,0,0,1,0,0,0,0,0,,normal,,,,{1}{B},16297,1220,,7b94dbd6-ea37-5c4d-aa19-697deacca4f4,27708,27707,129514,Cruel Edict,133,,Target opponent sacrifices a creature.,Sorcery,,,"10E,9ED,DDC,DVD,P02,P07,PRM",,"{'cardKingdom': 'https://mtgjson.com/links/3b617d1ee3aca59a', 'cardKingdomFoil': 'https://mtgjson.com/links/20b61658048c3aec', 'cardmarket': 'https://mtgjson.com/links/cdb8caef03797de1', 'tcgplayer': 'https://mtgjson.com/links/b1772f015250817b'}",uncommon,0c3d9c1d-a984-4971-810c-e493d0a55e5c,059f15e7-3926-40f3-8d81-2be8d81e1eb0,10c585c4-bf5b-4d8f-94a9-e9a5036a688f,10E,,,,15090,Target opponent sacrifices a creature.,,Sorcery,Sorcery,e77dbe8c-5878-5881-b5f3-8203af673278,,
85,86,Jeremy Jarvis,,"mtgo,paper",black,123220,122852,B,,B,1,,12852,,,,"""I hope it's true that every snowflake is unique, because I never want to see one like this again. Now clean up that body.""
—Thangbrand Gyrdsson, Kjeldoran patrol",,2003,,0,0,1,1,0,0,0,0,0,1,0,0,0,0,0,,normal,,,,{B},16298,8184,,15d0f300-0989-5531-9eec-8a9b5320d822,27742,27741,129910,Deathmark,134,,Destroy target green or white creature.,Sorcery,,,"10E,CSP,M10,M11,M12,MM2",,"{'cardKingdom': 'https://mtgjson.com/links/d6ef3106c1b4f848', 'cardKingdomFoil': 'https://mtgjson.com/links/b4955472693fc3f3', 'cardmarket': 'https://mtgjson.com/links/b7bad0609d7d5e17', 'tcgplayer': 'https://mtgjson.com/links/a730d77bb7b26610'}",uncommon,5f9271cc-6525-4a44-af24-915f0ba5afa9,de20da80-e083-4730-94cd-825191d25635,cf09b0af-3cf1-4486-8f65-8cfd2410314a,10E,,,,15092,Destroy target green or white creature.,,Sorcery,Sorcery,7069fe50-d855-59ea-b445-e8068cda7559,,
86,87,Greg Staples,,"mtgo,paper",black,123221,122853,B,,B,4,,123,,,,The best ideas often come from the worst minds.,,2003,,0,0,1,1,0,0,0,0,0,1,0,0,0,0,0,,normal,,,,{2}{B}{B},16299,1481,,5e472972-de49-5bf8-b39c-edfdf7851976,27009,27008,129525,Diabolic Tutor,135,,Search your library for a card and put that card into your hand. Then shuffle your library.,Sorcery,,,"10E,8ED,9ED,CMA,CMD,CN2,KLD,M10,M11,M12,M14,ODY,PHUK,PSAL",,"{'cardKingdom': 'https://mtgjson.com/links/01dfd5f99b6cd43f', 'cardKingdomFoil': 'https://mtgjson.com/links/f5111fbc5f30af71', 'cardmarket': 'https://mtgjson.com/links/0628eedacb2ff84b', 'tcgplayer': 'https://mtgjson.com/links/0f30b56da4796089'}",uncommon,1fb98f0e-5fa0-497e-9061-85cf0b3a3eff,127d6193-cb04-4a82-b624-09fbfc40f9dd,14589b6b-1814-46f9-a364-83cc15dacac2,10E,,,,15099,"Search your library for a card, put that card into your hand, then shuffle.",,Sorcery,Sorcery,e9435188-40bd-54c7-938f-798459b038ed,,
87,88,Michael Sutfin,,"mtgo,paper",black,123222,122854,B,,B,2,,10405,,,,"""They say the eyes are the windows to the soul. I like to break windows and take what's inside.""
—Braids, dementia summoner",,2003,,0,0,1,1,0,0,0,0,0,1,0,0,0,0,0,,normal,,,,{B}{B},16300,6971,,06174318-8c83-5592-a3f7-af87fb9fbd41,27658,27657,135219,Distress,136,,Target player reveals his or her hand. You choose a nonland card from it. That player discards that card.,Sorcery,,,"10E,CHK,M12",,"{'cardKingdom': 'https://mtgjson.com/links/ef831da6c0104d09', 'cardKingdomFoil': 'https://mtgjson.com/links/fa1339ab168f41b6', 'cardmarket': 'https://mtgjson.com/links/381faa6b586551f7', 'tcgplayer': 'https://mtgjson.com/links/3e8199e0507d2ed6'}",common,1ebb7ade-ebbb-49fb-b64f-fa247f9a9af6,93aed334-9db2-440d-af71-541501410e43,7bb1b48b-aa6b-4064-9355-c43b0f509388,10E,,,,15101,Target player reveals their hand. You choose a nonland card from it. That player discards that card.,,Sorcery,Sorcery,77ce01d6-3609-519e-a0d4-6ad6770c45e4,,
88,89,Volkan Baǵa,,"mtgo,paper",black,123223,122855,B,,B,3,,1826,,,,Many necromancers share the same last words—the ones that conclude the undeath ritual.,,2003,,0,0,1,1,0,0,0,0,0,1,0,0,0,0,0,,normal,,,,{2}{B},16301,1555,,3fa72363-abad-5583-a2ec-d7ea4b56ca8f,27155,27154,129880,Doomed Necromancer,137,,"{B}, {T}, Sacrifice Doomed Necromancer: Return target creature card from your graveyard to play.",Creature - Human Cleric Mercenary,,2,"10E,2XM,AJMP,C19,ONS,WC03",,"{'cardKingdom': 'https://mtgjson.com/links/0b525ff6a1cadf38', 'cardKingdomFoil': 'https://mtgjson.com/links/7a7f095c725495ea', 'cardmarket': 'https://mtgjson.com/links/5315f89fe654af0b', 'tcgplayer': 'https://mtgjson.com/links/55f47c8558b060c4'}",rare,384ff8ca-068d-4115-9139-df00b63e2912,efc793dd-4caf-463d-a352-8b3c1757a7f1,155422a0-a0cd-4399-8ed9-fa68ac2c80a6,10E,,"Human,Cleric,Mercenary",,15102,"{B}, {T}, Sacrifice Doomed Necromancer: Return target creature card from your graveyard to the battlefield.",2,Creature — Human Cleric Mercenary,Creature,49f64f3e-f0ff-5d4c-a730-5ea919857d82,,
89,90,Carl Critchlow,,"mtgo,paper",black,123224,122856,B,,B,4,,19073,,,,"""As soon as it surfaced, we could all smell it. Its rancid breath reeked of half-digested carrion and its own rotting innards.""
—Dafri, Auriok champion",,2003,,0,0,1,1,0,0,0,0,0,1,0,0,0,0,0,,normal,,,,{3}{B},16302,1624,,13ce84e3-9378-5edc-900b-6d9ee2921bdd,27203,27202,135216,Dross Crocodile,138,,,Creature - Zombie Crocodile,,5,"10E,5DN",,"{'cardKingdom': 'https://mtgjson.com/links/fdc9511c55dc2e2c', 'cardKingdomFoil': 'https://mtgjson.com/links/ec08cc840e069104', 'cardmarket': 'https://mtgjson.com/links/11e84d892ccc6532', 'tcgplayer': 'https://mtgjson.com/links/850f5676b0b254ba'}",common,efd5c07e-4ece-4c8b-93c8-6abd7dd3a39a,1430f7b9-89ff-467c-aa58-a5b46c462fcc,028fa430-722d-45aa-b415-3f84076091a9,10E,,"Zombie,Crocodile",,15107,,1,Creature — Zombie Crocodile,Creature,fea2ad06-355d-5a9a-822d-66275d89cad9,,
90,91,Jim Nelson,,"mtgo,paper",black,,122857,B,,B,2,,12079,,,,"""The dead make good soldiers. They can't disobey orders, never surrender, and don't stop fighting when a random body part falls off.""
—Nevinyrral, *Necromancer's Handbook*",,2003,,0,0,0,1,0,0,0,0,0,1,0,0,0,0,0,,normal,,,,{1}{B},16303,1631,,1f36b9a1-09fd-58b1-a942-2d75d48268cd,27395,27394,129529,Drudge Skeletons,139,,"{B}: Regenerate Drudge Skeletons. (The next time this creature would be destroyed this turn, it isn't. Instead tap it, remove all damage from it, and remove it from combat.)",Creature - Skeleton,,1,"10E,2ED,3ED,4BB,4ED,5ED,6ED,7ED,8ED,9ED,CED,CEI,DDD,DPA,FBB,GVL,LEA,LEB,M10,PS11,SUM",,"{'cardKingdom': 'https://mtgjson.com/links/3cd1991262597608', 'cardmarket': 'https://mtgjson.com/links/cec05d8542f9e1fd', 'tcgplayer': 'https://mtgjson.com/links/ca549a51c5eb8ce5'}",uncommon,01e71542-b9c1-4431-bfef-da629a3edc57,3e2ce229-eced-4197-9642-9f0c4f83bbc3,c180ed02-07f4-4538-9bea-8c249234a8e2,10E,,Skeleton,,15108,"{B}: Regenerate Drudge Skeletons. (The next time this creature would be destroyed this turn, it isn't. Instead tap it, remove all damage from it, and remove it from combat.)",1,Creature — Skeleton,Creature,2d080e75-7e1b-5f75-9c8f-18d02a4710dd,d9902515-6292-5a4a-9bde-a7616ad5f0bc,
91,92,Pete Venters,,"mtgo,paper",black,,122858,B,,B,3,,20446,,,,Imps are just intelligent enough to have an understanding of cruelty.,,2003,,0,0,0,1,0,0,0,0,0,1,0,0,0,0,0,Flying,normal,,,,{2}{B},16304,1644,,e8c45cf6-70e8-5c2b-9d4b-97a9dcfd21e7,27123,27122,129490,Dusk Imp,140,,Flying (This creature can't be blocked except by creatures with flying or reach.),Creature - Imp,,2,"10E,8ED,DDC,DPA,DVD,ODY,PS11",,"{'cardKingdom': 'https://mtgjson.com/links/fd133c8f8d370b7e', 'cardmarket': 'https://mtgjson.com/links/4b8465a3b6cdbf34', 'tcgplayer': 'https://mtgjson.com/links/8f1593728c100ae8'}",common,b7f264f6-832c-42fe-8642-00ee0f009c08,1c6e0ee5-bccf-4dba-bf53-251f23413865,1389ae4a-c3a5-4678-9012-937a3cbaf7f7,10E,,Imp,,15110,Flying,1,Creature — Imp,Creature,42022e6f-e123-54a6-84df-ec826b13f5be,b75509f6-c893-54a7-a51e-757066a0b4da,
92,93,Pete Venters,,"mtgo,paper",black,123226,,B,,B,3,,20446,,,,Imps are just intelligent enough to have an understanding of cruelty.,,2003,,0,0,1,0,1,0,0,0,0,1,0,0,0,0,0,Flying,normal,,,,{2}{B},16304,1644,,bf156156-52c4-50fb-9aae-6c8103b12cf9,,,,Dusk Imp,140★,,,,,2,"10E,8ED,DDC,DPA,DVD,ODY,PS11",,"{'cardKingdomFoil': 'https://mtgjson.com/links/1d4e8d9ecb828b2a', 'cardmarket': 'https://mtgjson.com/links/fb9672f02e0ac316', 'tcgplayer': 'https://mtgjson.com/links/0bc4fcd1ae66a1cc'}",common,e2bcb6ac-b27f-4da3-9f68-40b3c59cda88,1c6e0ee5-bccf-4dba-bf53-251f23413865,1389ae4a-c3a5-4678-9012-937a3cbaf7f7,10E,,Imp,,15110,Flying,1,Creature — Imp,Creature,b75509f6-c893-54a7-a51e-757066a0b4da,42022e6f-e123-54a6-84df-ec826b13f5be,
93,94,Jim Nelson,,"mtgo,paper",black,123227,122859,B,,B,5,,17871,,,,"""The elves are right: Death inevitably leads to life. But the truly powerful don't just experience this cycle. They control it.""
—Crovax, ascendant evincar",,2003,,0,0,1,1,0,0,0,0,0,1,0,0,0,0,0,,normal,,,,{4}{B},16305,1866,,4ecc7bcd-e6d7-5df2-8107-dde53faaaa58,27015,27014,135191,Essence Drain,141,,Essence Drain deals 3 damage to target creature or player and you gain 3 life.,Sorcery,,,"10E,DPA,DST,M13,PS11",,"{'cardKingdom': 'https://mtgjson.com/links/3587ad9995808f39', 'cardKingdomFoil': 'https://mtgjson.com/links/22bfa8a911d83588', 'cardmarket': 'https://mtgjson.com/links/cb7790bb302666e1', 'tcgplayer': 'https://mtgjson.com/links/4a2cff0fd422013b'}",common,8af61c18-a7ac-42c8-a942-d2f546c1ef57,1fb952b6-5928-4892-a5ef-c06411c66c17,4bf5402f-7bba-4c0c-aebd-1b231768f2b2,10E,,,,15117,Essence Drain deals 3 damage to any target and you gain 3 life.,,Sorcery,Sorcery,d38298f2-29e8-57b0-b978-140aa2171cce,,
94,95,Adam Rex,,"mtgo,paper",black,,122860,B,,B,2,,10492,,,,,,2003,,0,0,0,1,0,0,0,0,0,1,0,0,0,0,0,Enchant,normal,,,,{B}{B},16306,1979,,0b4c8e89-ad23-5d72-9e93-769dd0bff7b9,27397,27396,129544,Fear,142,,"Enchant creature (Target a creature as you play this. This card comes into play attached to that creature.)
Enchanted creature has fear. (It can't be blocked except by artifact creatures and/or black creatures.)",Enchantment - Aura,,,"10E,2ED,3ED,4BB,4ED,5ED,6ED,7ED,8ED,9ED,CED,CEI,FBB,ICE,LEA,LEB,SUM",,"{'cardKingdom': 'https://mtgjson.com/links/d9042143635015b5', 'cardmarket': 'https://mtgjson.com/links/7f6fe90bf88cb5de', 'tcgplayer': 'https://mtgjson.com/links/5bc67189c3ef7b2c'}",common,d8fa57eb-e307-4104-a291-c6cbfa235816,2c079c5c-4f68-4a66-93ac-aabbf1ac4056,355bbe9b-59bf-470f-8600-410af4c7fe18,10E,,Aura,,15120,"Enchant creature (Target a creature as you cast this. This card enters the battlefield attached to that creature.)
Enchanted creature has fear. (It can't be blocked except by artifact creatures and/or black creatures.)",,Enchantment — Aura,Enchantment,b159e707-915c-5940-bd70-7f0416cc8def,f49300ef-efa0-5b82-ace3-f2f06795fbd5,
95,96,Brom,,"mtgo,paper",black,123235,122867,B,,B,3,,17999,,,,"If the presence of evil were obvious, it wouldn't be nearly as dangerous.",,2003,,0,0,1,1,0,0,0,0,0,1,0,0,0,0,0,,normal,,,,{1}{B}{B},16313,2684,,a6c32f6f-5274-542c-ba0a-0f527a1af8b2,27227,27226,135234,Hidden Horror,149,,"When Hidden Horror comes into play, sacrifice it unless you discard a creature card.",Creature - Horror,,4,"10E,6ED,P02,PD3,PS11,WTH",,"{'cardKingdom': 'https://mtgjson.com/links/bd0a404582b04f47', 'cardKingdomFoil': 'https://mtgjson.com/links/3b556aa5467540e5', 'cardmarket': 'https://mtgjson.com/links/e265cff137834a72', 'tcgplayer': 'https://mtgjson.com/links/9b124ef3ad9e333f'}",uncommon,f4ac9d57-a724-4ad1-b6a7-805381c21bb3,0745f883-0278-47d0-8bf8-797f50c38f93,db7c5a2f-9aea-4b14-86cf-7af79d6484af,10E,,Horror,,15159,"When Hidden Horror enters the battlefield, sacrifice it unless you discard a creature card.",4,Creature — Horror,Creature,6d030b32-0534-55c9-9c40-00bb59d4e164,,
96,97,Carl Critchlow,,"mtgo,paper",black,123248,122880,B,,B,3,,5614,,,,"The soul sheds light, and death is its shadow. When the light dims, life and death embrace.
—Nantuko teaching",,2003,,0,0,1,1,0,0,0,0,0,1,0,0,0,0,0,,normal,,,,{2}{B},16326,3823,,3b8a6778-9656-50ef-aa10-9302a6abfe82,27519,27518,129653,Nantuko Husk,162,,Sacrifice a creature: Nantuko Husk gets +2/+2 until end of turn.,Creature - Zombie Insect,,2,"10E,9ED,CMD,MB1,ONS,ORI,PSAL",,"{'cardKingdom': 'https://mtgjson.com/links/de637f0b41573bdf', 'cardKingdomFoil': 'https://mtgjson.com/links/4d051216ec7bda5f', 'cardmarket': 'https://mtgjson.com/links/c8a8a7f2ba8edd6f', 'tcgplayer': 'https://mtgjson.com/links/5a37e913d2a2f83a'}",uncommon,7a8f8f83-65bb-4da3-8263-e58162ebb24b,416d5380-e99a-47c9-9ca8-e7af246eea15,0dcefc00-9425-43e3-bd47-1e34fff8b0e2,10E,,"Zombie,Insect",,15229,Sacrifice a creature: Nantuko Husk gets +2/+2 until end of turn.,2,Creature — Zombie Insect,Creature,60122d6f-448b-5df8-ac2a-8f5a1e841278,,
97,98,Christopher Moeller,,"mtgo,paper",black,,122881,B,,B,4,,5006,,,,,,2003,,0,0,0,1,0,0,0,0,0,1,0,0,0,0,0,First strike,normal,,,,{2}{B}{B},16327,3868,,d6b5b9cf-ec4a-5a23-9648-acf3fde200ca,27055,27054,129658,Nekrataal,163,,"First strike (This creature deals combat damage before creatures without first strike.)
When Nekrataal comes into play, destroy target nonartifact, nonblack creature. That creature can't be regenerated.",Creature - Human Assassin,,2,"10E,8ED,9ED,BRB,C14,DDM,EMA,VIS,WC97,WC98",,"{'cardKingdom': 'https://mtgjson.com/links/4360c47d61d07d85', 'cardmarket': 'https://mtgjson.com/links/c9a35fde2df5e0ab', 'tcgplayer': 'https://mtgjson.com/links/7b3f6918b5039e95'}",uncommon,fca42df8-a9a2-4391-8dec-7097f788c250,a3d7f83c-9b41-4089-9c3d-02fb1f116e23,d40adf5d-5edf-48a0-98f3-fcdbf1b5f25c,10E,,"Human,Assassin",,15232,"First strike
When Nekrataal enters the battlefield, destroy target nonartifact, nonblack creature. That creature can't be regenerated.",1,Creature — Human Assassin,Creature,f560811b-3c5d-5929-8b17-e9ae8730cec1,37f0071d-09b9-5fdc-a5de-52061a01cb64,
98,99,Christopher Moeller,,"mtgo,paper",black,123249,,B,,B,4,,5006,,,,His victims don't have time to feel despair.,,2003,,0,0,1,0,1,0,0,0,0,1,0,0,0,0,0,First strike,normal,,,,{2}{B}{B},16327,3868,,3f8fb9f4-cfc3-5423-ba95-2e1c6d672bf8,,,,Nekrataal,163★,,,,,2,"10E,8ED,9ED,BRB,C14,DDM,EMA,VIS,WC97,WC98",,"{'cardKingdomFoil': 'https://mtgjson.com/links/32e81e3a8a88145c', 'cardmarket': 'https://mtgjson.com/links/98c1b4d44e366615', 'tcgplayer': 'https://mtgjson.com/links/ad5666eed38bbf83'}",uncommon,d24721dc-7473-4a7b-b42e-8ddcf027c7e2,a3d7f83c-9b41-4089-9c3d-02fb1f116e23,d40adf5d-5edf-48a0-98f3-fcdbf1b5f25c,10E,,"Human,Assassin",,15232,"First strike
When Nekrataal enters the battlefield, destroy target nonartifact, nonblack creature. That creature can't be regenerated.",1,Creature — Human Assassin,Creature,37f0071d-09b9-5fdc-a5de-52061a01cb64,f560811b-3c5d-5929-8b17-e9ae8730cec1,
99,100,Carl Critchlow,,"mtgo,paper",black,,122882,B,,B,6,,8133,,,,The thunder of its hooves beats dreams into despair.,,2003,,0,0,0,1,0,0,0,0,0,1,0,0,0,0,0,Flying,normal,,,,{5}{B},16328,3890,,d8868c30-a499-57a7-8d2f-47ec992437cd,27415,27414,129659,Nightmare,164,,"Flying (This creature can't be blocked except by creatures with flying or reach.)
Nightmare's power and toughness are each equal to the number of Swamps you control.",Creature - Nightmare,,*,"10E,2ED,3ED,4BB,4ED,5ED,6ED,7ED,8ED,9ED,ANB,CED,CEI,FBB,LEA,LEB,M10,M14,M15,ORI,SUM,W16,W17",,"{'cardKingdom': 'https://mtgjson.com/links/e97e63c30b44ba42', 'cardmarket': 'https://mtgjson.com/links/724e85abb9b98bcd', 'tcgplayer': 'https://mtgjson.com/links/818c85e9cd2fddad'}",rare,88111e2b-84ff-48bf-9a64-b4e9022b6dae,6538481a-d39d-4a46-9e15-65e0132e43f0,375932e6-1b3e-48dc-8154-9b664c3add34,10E,,"Nightmare,Horse",,15233,"Flying (This creature can't be blocked except by creatures with flying or reach.)
Nightmare's power and toughness are each equal to the number of Swamps you control.",*,Creature — Nightmare Horse,Creature,5bd291f0-560a-5046-bd07-a91bd3004f2d,d6fff2c5-c356-543e-9708-3a25de95244a,
